0.1421986370658353,-0.16363541071768062,0.0,0.0,0.0,0.0,0.0,0.0,-0.2854951290938864,0.0,0.0,0.25052528381347655,0.4273237228393555,0.0,0.0,0.0,0.0,0.0,0.0,-0.26444671500442374,0
-0.5613818932752938,-0.5000459298908575,0.0,0.0,0.0,0.043010580265867765,0.0,0.0,0.7768420591885314,0.0,0.0,0.13196997642517092,0.27872390747070314,0.17871270179748536,0.0,0.0,0.0,0.0,1.0,0.678959707928519,0
0.47131464854328503,0.4263682839071382,0.2586141941113751,0.0,0.0,0.0,0.0,0.0,-0.07146365185858011,0.3892835998535156,0.0,0.07058391571044922,0.1858506202697754,0.0,0.0,0.0,0.0,0.0,0.0,-0.2519540705232539,0
-0.229213586926228,0.0,0.0,0.1568047115700129,0.0,0.0,0.0,0.0,0.0,0.0,0.0,0.09137740135192872,0.0,0.0,1.0,0.0,0.0,0.0,0.0,-0.2940828372270633,0
-0.2762803597350378,0.014886858241063033,0.5371406450409568,0.0,0.0,0.0,0.0,0.0,-0.17187593037344906,0.3709800338745117,0.0,-0.007855749130249024,0.08351860046386719,0.0,0.0,0.0,0.0,0.0,0.0,0.07120246561164531,1
-0.7618676003414049,-0.8024753636733052,0.007205884250195912,0.0,0.0,0.0,0.0,0.0,0.5796490632976263,0.2634330368041992,0.0,0.08785309791564942,0.1349864959716797,0.0,0.0,0.0,0.0,0.0,0.0,-0.9440183231973241,1
-0.9791383559885116,-0.7619548218962521,0.02060554790707142,0.0,0.0,0.0,0.0,0.0,-0.33956703627787244,-0.54,0.0,0.0876777172088623,0.3235823631286621,0.0,1.0,0.0,0.0,0.0,0.0,-0.2708288339468149,1
-0.8286248749825759,-0.8660438213824745,-0.18024340038789122,0.0,0.0,0.0,0.0,0.0,-0.10891501297359124,0.0847133445739746,0.0,0.10965671539306641,0.0002993106842041016,0.0,0.0,1.0,0.0,0.0,0.0,-0.17428748628013155,1
-0.4270529142389625,-0.7517166295550519,0.5783194804743995,0.03555425847879838,0.0,0.0,0.0,0.0,0.11493505485547206,0.06679298400878907,0.0,0.05942249298095703,0.13273658752441406,0.0,0.0,1.0,0.0,0.0,0.0,0.15643763745951858,0
-0.539107756469276,-0.35554984316518307,0.6849967530425535,0.0,0.0,0.0,0.0,0.0,0.9641110449408575,0.428261604309082,0.0,0.10517253875732423,0.12425217628479004,0.0,1.0,0.0,0.0,0.0,0.0,0.10105067848140359,0
0.11705384349815821,-0.10136520692924228,0.3547385754292317,0.0,0.0,0.012315961536471826,0.0,0.0,0.09167307797963531,-0.54,0.0,0.3735116004943848,0.32659263610839845,-0.6000000000000001,0.0,0.0,0.0,0.0,0.0,0.46321722177358776,0
-0.9273994886134984,-0.7573854754914607,0.8752981783674382,0.0,0.0,0.0,0.0,0.0,0.552577326525453,0.0600853157043457,0.0,-0.04577860832214356,0.014552831649780273,0.0,0.0,0.0,0.0,0.0,1.0,-0.41511372623280585,0
-0.6684543005698872,-0.8745164838333664,0.0,0.0,0.0,0.027570151126088877,0.0,0.0,0.6371656349401351,0.0,0.0,0.14318013191223145,0.2030059814453125,0.25628013610839845,0.0,0.0,0.0,0.0,0.0,-0.15688561985635352,1
-0.755236974133826,-0.6559251817993889,0.05086817044579374,0.0,0.0,0.0,0.0,0.0,-0.08117451976045362,0.14697927474975586,0.0,0.04260034561157227,0.025235080718994142,0.0,0.0,0.0,0.0,0.0,0.0,-0.7533595908401359,1
-0.1953911316142829,-0.4262945695409057,0.452584961067225,0.0,0.0,0.0,0.0,0.0,-0.365718255561701,0.6882547760009765,0.0,0.1894298553466797,0.0697627067565918,0.0,0.0,0.0,0.0,0.0,0.0,-0.4285367329915365,1
-0.7267181645545909,-0.4592857195701588,0.0,0.053460151143217824,0.0,0.0,0.0,0.0,0.665645568867285,0.0,0.0,0.12752904891967773,0.21925096511840822,0.0,0.0,1.0,0.0,1.0,0.0,0.27497479039379674,1
-0.5353056265650923,-0.7348971375556047,0.339467261973432,0.08402138079611243,0.0,0.0,0.0,0.0,0.4561278611549217,0.10770280838012695,0.0,-0.07715401649475098,0.040722465515136724,0.0,0.0,0.0,0.0,0.0,1.0,-0.2342830560146234,0
-0.9731195868084543,-0.802307850043227,-0.12906452994942408,0.0,0.0,0.0,0.0,0.0,-0.35669315410898156,0.22272789001464843,0.0,0.041583585739135745,0.27761802673339847,0.0,0.0,0.0,0.0,0.0,0.0,-0.41449848403278583,1
-0.30647147486756454,-0.32253142648560207,0.5330748108860609,0.0,0.0,0.0,0.0,0.0,-0.11448847564264461,0.14797365188598632,0.0,-0.05303587913513184,-0.08538241386413575,0.0,0.0,0.0,0.0,0.0,0.0,-0.33653047349717885,1
0.13944932294220208,0.35229120217292215,0.0,0.2015565564298934,0.0,0.0,0.0,0.0,0.7376578998079129,0.0,0.0,0.19119248390197754,0.37194414138793946,0.0,1.0,1.0,0.0,1.0,0.0,0.4480273907001202,0
-0.2402377430264805,-0.6201355958508635,1.1578797312286975,0.0,0.0,0.0,0.0,0.0,0.0,0.563525161743164,0.0,0.31691665649414064,0.280875301361084,0.0,1.0,0.0,0.0,0.0,0.0,0.34420812231862646,0
-0.1754846636910626,-0.1651683968624591,0.7501672197099812,0.0,0.0,0.0,0.0,0.0,-0.25906984493116947,-0.54,0.0,0.03835959434509278,0.20916385650634767,0.0,0.0,0.0,0.0,1.0,0.0,-0.14650165525257078,0
-0.4444123413517831,-0.3111443413161835,0.5386332582633677,0.0,0.0,0.0,0.0,0.0,-0.17502599348960857,0.0868959617614746,0.0,0.2603199005126953,0.1506692409515381,0.0,1.0,0.0,0.0,0.0,1.0,0.20267877823267227,0
0.7166123983997293,0.4431211140220101,0.05821287465570216,0.0,0.0,0.0,0.0,0.0,-0.27330014904165684,0.45467765808105465,0.0,0.2542304039001465,0.29439754486083985,0.0,1.0,0.0,0.0,0.0,0.0,-0.12984463292309362,0
-0.5218812107634859,-0.09216839093203577,0.5229604651941311,0.0,0.0,0.0,0.0,0.0,0.23554431455425784,0.14142951965332032,0.0,0.09500365257263184,0.11054840087890626,0.0,0.0,0.0,0.0,0.0,0.0,0.2901199536445814,1
0.3829963396179315,0.47938565006346867,0.35394428693067337,0.0,0.0,0.0,0.0,0.0,-0.05724649130989472,0.445341796875,0.0,0.24602947235107422,0.22828569412231448,0.0,0.0,0.0,1.0,0.0,0.0,0.16612566434420073,0
0.49624945120703434,0.0,0.0,0.0,0.0,0.0,0.0,0.0,0.0,0.0,0.0,0.1988471031188965,0.0,0.0,0.0,0.0,0.0,0.0,0.0,0.41673057099692845,0
-0.7992216612629509,0.0,0.0,0.0,0.0,0.0,0.0,0.0,-0.266340141369366,0.0,0.0,0.12234921455383302,0.0,0.0,0.0,0.0,0.0,0.0,0.0,-0.5470383472931691,1
0.6951808154672271,0.6867693575142237,0.4111301412324453,0.0,0.0,0.0,0.0,0.0,0.10253881037961785,-0.54,0.0,0.2678487777709961,0.18237719535827637,0.0,1.0,0.0,0.0,0.0,0.0,0.3832561134273171,0
0.37763415257945143,0.4753811405213213,0.05981149355100776,0.0,0.0,0.0,0.0,0.0,0.6674257644825087,0.13254947662353514,0.0,0.17097911834716797,0.10821380615234376,0.0,0.0,0.0,1.0,0.0,1.0,0.6095698756030482,0
-0.9722892562088474,-0.8904680729449846,0.0,0.02140391057521966,0.0,0.0,0.0,0.0,-0.3468792648120122,0.0,0.0,0.0848710060119629,0.20268783569335938,0.0,0.0,0.0,0.0,0.0,0.0,-0.4336231590336205,1
-0.9269027998454024,-0.8129801952947905,-0.08704232089734876,0.0,0.0,0.0,0.0,0.0,0.5592492869297744,-0.015859336853027345,0.0,-0.11367812156677247,-0.006802797317504883,0.0,0.0,0.0,0.0,0.0,0.0,-0.7082906543699086,1
0.4621855871284542,1.1566308867953288,0.6654027516080673,0.22864443554266645,0.0,0.0,0.0,0.0,0.27271206251814706,0.09872217178344726,0.0,0.12944154739379884,0.0747910499572754,0.0,0.0,1.0,0.0,1.0,0.0,-0.01053215092063969,0
0.022988692571262195,0.05984185057883577,0.0,0.0,0.0,0.0,0.0,0.0,0.0443921283592836,0.0,0.0,0.21398468017578126,0.2546581268310547,0.0,0.0,0.0,0.0,1.0,0.0,0.07504503951113449,0
-0.4550187673504246,-0.6095548030031849,-0.1728815380844923,0.0,0.0,0.0,0.0,0.0,0.3694240227764596,0.0847133445739746,0.0,-0.17113356590270998,-0.052497816085815434,0.0,0.0,0.0,0.0,0.0,0.0,-0.5198481959155482,1
-0.9273994886134983,-0.7573854754914607,0.8752981783674382,0.0,0.0,0.0,0.0,0.0,0.5525773265254531,0.0600853157043457,0.0,-0.04577860832214356,0.014552831649780273,0.0,0.0,0.0,0.0,0.0,1.0,-0.41511372623280585,0
-0.8648338386636214,-0.5899177324804895,-0.07316262178022173,0.03759286114039785,0.0,0.0,0.0,0.0,-0.3719941471359656,0.14697927474975586,0.0,0.10029454231262208,0.1173508644104004,0.0,0.0,1.0,0.0,0.0,0.0,-0.6154898292997963,1
-0.5648629696002093,-0.566702175792008,-0.11320903414967472,0.0,0.0,0.0,0.0,0.0,-0.24679522951753827,-0.54,0.0,-0.013760805130004883,-0.0016418457031250001,0.0,0.0,0.0,0.0,0.0,0.0,-0.4003417186247997,1
-0.45343873504368,-0.5710891121920432,0.38853683767906944,0.0,0.0,0.0,0.0,0.0,0.6633937606141297,0.22064546585083006,0.0,0.10494513511657716,0.07651734352111816,0.0,0.0,0.0,0.0,0.0,0.0,0.2506893516605736,0
-0.7691660332448091,-0.7809504802093872,-0.07747027049665073,0.0,0.0,0.0,0.0,0.0,0.1978191258989685,0.2634330368041992,0.0,0.17399387359619142,0.14618892669677735,0.0,0.0,0.0,0.0,0.0,0.0,-0.6559799879025191,1
-0.7172439507858686,-0.7680229720655116,-0.0022563112171068156,0.0,0.0,0.0,0.0,0.0,-0.2369762457074413,0.009093589782714843,0.0,-0.033398771286010744,0.2504427909851074,0.0,1.0,0.0,0.0,0.0,0.0,-0.40294647216796875,1
-0.9722892562088474,-0.8904680729449846,0.0,0.021403910575219655,0.0,0.0,0.0,0.0,-0.3468792648120122,0.0,0.0,0.0848710060119629,0.20268783569335938,0.0,0.0,0.0,0.0,0.0,0.0,-0.4336231590336205,1
-0.3801370390665994,-0.2044063512929175,-0.19277734540768454,0.11457105161260128,0.0,0.0,0.0,0.0,-0.2733387483170901,-0.54,0.0,0.17769432067871094,0.09164853096008302,0.0,1.0,0.0,0.0,0.0,0.0,-0.31390964475452393,0
-0.30647147486756426,-0.3225314264856011,0.5330748108860609,0.0,0.0,0.0,0.0,0.0,-0.11448847564264465,0.14797365188598632,0.0,-0.05303587913513184,-0.08538241386413575,0.0,0.0,0.0,0.0,0.0,0.0,-0.33653047349717885,1
-0.8012311750468584,-0.6394853353983638,-0.1698461079345403,0.0,0.0,0.0,0.0,0.0,-0.09487191575501604,0.15951421737670898,0.0,-0.03636789321899414,-0.13161950111389162,0.0,0.0,0.0,0.0,0.0,0.0,-0.6771693270430607,1
-0.7317129769580578,-0.7047060202488225,0.05285919573167916,0.0,0.0,0.0,0.0,0.0,-0.31548492016353347,0.14697927474975586,0.0,0.2541225433349609,0.25444908142089845,0.0,0.0,0.0,0.0,0.0,0.0,0.14289366893279248,0
-0.4582938119573302,-0.4902449216738117,-1.7445392640098867e-05,0.03338636072115571,0.0,0.05669106444415592,0.0,0.0,0.0,-0.54,0.0,0.0013319015502929689,-0.026818227767944337,-0.6000000000000001,0.0,0.0,0.0,0.0,0.0,-0.1816989213992388,1
0.11119895587648518,0.27208244672847637,-0.017787112712663193,0.05496787586140421,0.0,0.0,0.0,0.0,1.2928077673877263,0.0231767463684082,0.0,0.011824703216552735,-0.010943412780761719,0.0,0.0,0.0,0.0,0.0,0.0,-0.3030175429124099,1
-0.7691660332448091,-0.7809504802093872,-0.07747027049665077,0.0,0.0,0.0,0.0,0.0,0.1978191258989685,0.2634330368041992,0.0,0.17399387359619142,0.14618892669677735,0.0,0.0,0.0,0.0,0.0,0.0,-0.6559799879025191,1
0.7208316553332433,1.596075061500513,0.1678204053932472,0.0,0.0,0.0,0.0,0.0,0.0,0.37304815292358395,0.0,0.11044259071350099,0.15554189682006836,0.0,1.0,0.0,0.0,1.0,0.0,0.0007753290681757479,0
-0.21755481983553604,-0.21037981502329917,0.9520333936308847,0.034938182783034934,0.0,0.0,0.0,0.0,0.0,0.1912675094604492,0.0,0.19373321533203125,0.16426424980163576,0.0,1.0,0.0,0.0,0.0,0.0,0.2625215970552885,0
-0.9731195868084541,-0.802307850043227,-0.12906452994942408,0.0,0.0,0.0,0.0,0.0,-0.3566931541089821,0.22272789001464843,0.0,0.041583585739135745,0.27761802673339847,0.0,0.0,0.0,0.0,0.0,0.0,-0.41449848403278583,1
-0.31491730442612464,-0.24826549229518954,-0.14927190621938843,0.09276850474461416,0.0,-0.03716642316399314,0.0,0.0,-0.20148030856643098,-0.54,0.0,-0.1905372142791748,-0.12884087562561036,-0.6000000000000001,0.0,0.0,0.0,0.0,0.0,-0.6774437733185598,1
-0.7174631348279251,-0.8110063253681995,-0.15077566426789163,0.0,0.0,0.0,0.0,0.0,-0.23291197389497764,0.009093589782714843,0.0,-0.10353212356567383,0.063419771194458,0.0,0.0,0.0,0.0,0.0,0.0,-0.3737286624745426,1
0.608647635602834,0.5600734192061858,0.8479663286147295,0.0,0.0,0.0,0.0,0.0,0.0,0.33501823425292965,0.0,0.14284658432006836,0.19211111068725586,0.0,0.0,0.0,0.0,0.0,1.0,0.1522494585086138,0
-0.8773031131681988,-0.7325547069028763,-0.21702649302723487,0.0,0.0,0.02286515505599797,0.0,0.0,-0.048494229519516915,0.09198474884033203,0.0,0.03045201301574707,-0.046913337707519535,0.053204679489135744,0.0,1.0,0.0,0.0,0.0,0.319362542568109,1
-0.6889097204832956,0.0,0.0,0.0,0.0,0.0,0.0,0.0,-0.41954908412898356,0.0,0.0,0.11962471008300782,0.0,0.0,0.0,0.0,0.0,1.0,0.0,-0.46805911593967015,1
0.34891379335599354,0.2753686701467991,-0.04661340765937992,0.0,0.0,0.0,0.0,0.0,-0.4869643345820588,0.026029586791992188,0.0,0.07414522171020509,0.11518068313598634,0.0,0.0,0.0,0.0,0.0,0.0,-0.04252230000292134,0
0.1404198421311818,-0.33522326021452914,0.4728903926721686,0.0,0.0,0.0,0.0,0.0,0.5480142668377442,0.08298877716064453,0.0,0.23268041610717774,0.1110426425933838,0.0,1.0,0.0,0.0,0.0,0.0,0.2267739711663662,0
0.06589018157313901,-0.20949528982008692,0.02004650164800377,0.0,0.0,0.0,0.0,0.0,-0.31848303255316823,0.013903369903564453,0.0,0.1864025115966797,0.22039241790771485,0.0,0.0,1.0,0.0,1.0,0.0,0.24693350506643966,0
-0.6772061771819045,-0.736341778140008,0.7104321296973056,0.06432879112074649,0.0,0.0,0.0,0.0,0.46940556455093674,0.2810759353637695,0.0,0.06857419013977051,0.021893405914306642,0.0,0.0,0.0,0.0,0.0,0.0,-0.34776035537067645,1
-0.5802860283297961,-0.4670362878095674,-0.10323989429287382,0.09074238004656635,0.0,0.0,0.0,0.0,-0.15273469722827282,-0.54,0.0,-0.0711395263671875,0.006793212890625001,0.0,0.0,0.0,0.0,0.0,0.0,-0.526875226925581,1
-1.0051699548616122,-0.4287229538468457,0.0,0.0,0.0,0.0,0.0,0.0,-0.40381831163016535,0.0,0.0,0.03974485397338867,0.07281656265258789,0.0,0.0,0.0,1.0,0.0,0.0,-0.5042904258793236,1
0.09336103129619792,0.102865446433245,0.36505190685165506,0.0,0.0,0.0,0.0,0.0,-0.010545449635655207,0.29784599304199216,0.0,0.1529615879058838,0.16062035560607912,0.0,1.0,0.0,0.0,0.0,0.0,-0.23314875415247732,0
-0.9269027998454024,-0.8129801952947905,-0.08704232089734837,0.0,0.0,0.0,0.0,0.0,0.5592492869297744,-0.015859336853027345,0.0,-0.11367812156677247,-0.006802797317504883,0.0,0.0,0.0,0.0,0.0,0.0,-0.7082906543699086,1
0.6951808154672271,0.6867693575142237,0.4111301412324453,0.0,0.0,0.0,0.0,0.0,0.10253881037961793,-0.54,0.0,0.2678487777709961,0.18237719535827637,0.0,1.0,0.0,0.0,0.0,0.0,0.3832561134273171,0
-0.6294119765997837,-0.7834782843497645,0.0,0.0,0.0,0.032192643575004856,0.0,0.0,0.7384785661406503,0.0,0.0,0.19096364974975588,0.19575514793395998,0.25628013610839845,0.0,0.0,0.0,0.0,0.0,0.00034397483890892094,1
-0.9791383559885116,-0.7619548218962524,0.020605547907071114,0.0,0.0,0.0,0.0,0.0,-0.3395670362778724,-0.54,0.0,0.0876777172088623,0.3235823631286621,0.0,1.0,0.0,0.0,0.0,0.0,-0.2708288339468149,1
-0.7180960053906671,-0.6180974375617116,0.5596452150528467,0.0,0.0,0.0,0.0,0.0,-0.30810766645287796,0.29784599304199216,0.0,0.012523365020751954,-0.014627552032470703,0.0,0.0,0.0,0.0,1.0,0.0,-0.5412168584318243,1
-0.31093210996640613,-0.3979826990129697,0.5791191645326178,0.0,0.0,0.0,0.0,0.0,0.0954486711037771,-0.10753944396972656,0.0,0.15815229415893556,0.1379558563232422,0.0,0.0,0.0,0.0,0.0,0.0,0.6762905609913362,0
-0.9700693847271042,-0.7819555908669539,0.0,0.0,0.0,0.0,0.0,0.0,-0.3241688779424948,0.0,0.0,0.04343662261962891,0.318503475189209,0.0,0.0,0.0,0.0,0.0,0.0,0.07256401909722222,1
1.4699126089250796,0.8333105246125279,0.0,0.0,0.0,0.0,0.0,0.0,-0.17432582141297967,0.0,0.0,0.11644358634948732,0.10413846969604493,0.0,0.0,0.0,0.0,0.0,0.0,-0.34341208955161595,0
0.07551432897706517,0.7919509504320886,-0.021576819644348193,0.1197879809382532,0.0,0.0,0.0,0.0,-0.12841307634695384,-0.012818412780761719,0.0,0.23008832931518555,0.196089506149292,0.0,0.0,0.0,0.0,1.0,0.0,-0.1383639604617388,1
-0.17974784238614216,-0.3899088398972479,0.7571179870707161,0.09645095788427135,0.0,0.0,0.0,0.0,0.23355613274296583,-0.051907653808593746,0.0,0.12426061630249025,0.05761132240295411,0.0,0.0,0.0,0.0,0.0,0.0,-0.14387685009556958,0
0.1353672699698199,-0.2790352357281507,0.5001705275950585,0.034972525677553,0.0,0.0,0.0,0.0,0.47095877121654184,0.23430833816528318,0.0,0.05142807960510254,0.031733036041259766,0.0,1.0,1.0,0.0,0.0,0.0,0.20723897167760083,0
-0.5685581068021385,-0.7484423909219157,0.0,0.0,0.0,0.0,0.0,0.0,0.28458820125460926,0.0,0.0,0.19427285194396973,0.11317129135131837,0.0,0.0,1.0,0.0,0.0,0.0,0.11487504355927819,0
-0.42433160210794685,-0.41698862631225336,-0.14081682961927278,0.05387408955970304,0.0,0.0,0.0,0.0,-0.023967880454651223,-0.54,0.0,0.038842773437500006,0.06508612632751465,0.0,0.0,1.0,0.0,0.0,0.0,-0.44506464249048483,1
-0.7992177253989419,-0.8589739812793122,-0.16720430149381077,0.0,0.0,0.0,0.0,0.0,-0.10469535467043908,-0.54,0.0,-0.04091901779174805,-0.011871576309204102,0.0,0.0,0.0,0.0,0.0,0.0,-0.8832585098397019,1
0.12060617357895538,0.288402309021258,-0.021090436951323066,0.0,0.0,0.0,0.0,0.0,0.0,0.3717289352416992,0.0,0.1927943229675293,0.2305455207824707,0.0,0.0,0.0,1.0,1.0,0.0,0.010965624426165199,0
-0.12404990137592278,0.07220968079299367,0.28423403573772743,0.0,0.0,0.0,0.0,0.0,0.5421369921965737,0.46112445831298826,0.0,0.07326998710632325,0.16119108200073243,0.0,0.0,0.0,0.0,1.0,1.0,0.60260984632704,0
-0.533355268637166,-0.5331291860077164,0.0,0.030174586668094323,0.0,0.062309920397997265,0.0,0.0,0.0,0.0,0.0,0.017386531829833986,0.011001920700073243,-0.6000000000000001,0.0,0.0,0.0,0.0,0.0,-0.18212815635224694,1
-0.5133340164365086,-0.8720248830725496,0.0,0.0,0.0,0.0,0.0,0.0,0.6271071974357852,0.0,0.0,0.23333539962768557,0.31933431625366215,0.0,1.0,0.0,0.0,0.0,0.0,0.31869529658912593,0
-0.5648629696002091,-0.5667021757920083,-0.11320903414967468,0.0,0.0,0.0,0.0,0.0,-0.24679522951753777,-0.54,0.0,-0.013760805130004883,-0.0016418457031250001,0.0,0.0,0.0,0.0,0.0,0.0,-0.4003417186247997,1
0.5109432439071632,0.08778531229203183,-0.1076289683103871,0.13420695780991848,0.0,0.0,0.0,0.0,-0.02839279670570302,-0.54,0.0,0.26427574157714845,0.383183765411377,0.0,0.0,0.0,0.0,0.0,0.0,-0.2318180116832766,0
0.4042247335184187,0.39201470383083115,0.028483214072644585,0.0,0.0,0.0,0.0,0.0,0.03397004131793709,0.29784599304199216,0.0,0.25022382736206056,0.3465725898742676,0.0,0.0,0.0,0.0,0.0,0.0,0.11773818578475562,0
-0.397661592381263,-0.5288873751510775,0.0,0.0,0.0,0.0,0.0,0.0,0.8671055717417088,0.0,0.0,0.22637472152709961,0.2472301483154297,0.0,1.0,0.0,0.0,0.0,0.0,0.23271593273195448,0
-0.6132363847066917,-0.6635248720422601,0.14075620865578264,0.0,0.0,0.0,0.0,0.0,0.0764885831472389,-0.54,0.0,0.12267518043518066,0.05569438934326172,0.0,0.0,0.0,0.0,0.0,0.0,-0.263765123155382,0
0.12515225383359163,0.0,0.0,0.0,0.0,0.0,0.0,0.0,-0.10920165314738053,0.0,0.0,0.030460357666015625,0.0,0.0,1.0,0.0,0.0,0.0,0.0,-0.08984606490175949,0
-0.3403042089313793,-0.42155128080273696,0.3481044437198658,0.0,0.0,0.0,0.0,0.0,0.033255688718834,-0.12441395759582519,0.0,0.23908691406250002,0.2348832130432129,0.0,1.0,0.0,0.0,0.0,0.0,0.5261223947899973,0
-0.09428473584547403,-0.37550796570097034,0.20862382769097407,0.0,0.0,0.0,0.0,0.0,0.9437284327121435,0.5646739196777344,0.0,0.07292842864990234,0.0878767490386963,0.0,0.0,0.0,0.0,1.0,0.0,0.39693261823083603,0
-0.5082779164513587,-0.7310466275407336,0.34676661981161205,0.06674863653000954,0.0,0.0,0.0,0.0,0.4224560935513008,0.29726486206054686,0.0,0.2526569366455078,0.046885824203491216,0.0,0.0,0.0,0.0,0.0,0.0,-0.5661708473140358,1
-0.7238003064434164,-0.5352993867738546,0.0,0.0,0.0,0.0,-0.3458153287540234,0.0,-0.10001657639192724,0.0,0.0,0.014744043350219727,0.020347929000854494,0.0,0.0,0.0,0.0,0.0,0.0,-0.36941365299061835,1
-0.7004376278002573,-0.8715869825884324,-0.17697532121277937,0.0,0.0,0.0,0.0,0.0,-0.07298407292163575,-0.14826951026916504,0.0,-0.13434252738952637,-0.10768957138061525,0.0,0.0,0.0,0.0,0.0,0.0,-0.7775887057312534,1
-0.32183386255100427,-0.634986749576351,0.0,0.0,0.0,0.0,0.0,0.0,-0.4359932619480711,0.0,0.0,0.08488430976867677,-0.15766572952270508,0.0,0.0,0.0,0.0,0.0,0.0,-0.7583036178197616,1
0.07772388079716872,0.2980787989216175,0.21385488450555848,0.0,0.0,0.0,0.0,0.0,-0.16084408481602516,0.39363372802734375,0.0,0.18460884094238283,0.23133010864257814,0.0,0.0,0.0,1.0,1.0,0.0,-0.16649555956196582,0
-0.30873248729327724,-0.5505721647064419,-0.18152519337673492,0.0,0.0,0.0,0.0,0.0,-0.11071707175448572,0.08271480560302734,0.0,0.017507505416870118,0.12810287475585938,0.0,0.0,0.0,0.0,0.0,0.0,0.5068650204911191,0
0.42409500439823783,0.7458744617573775,0.293411371300892,0.21334826446271943,0.0,0.0,0.0,0.0,0.31765786750368763,0.25592416763305664,0.0,0.14821014404296876,0.2772580146789551,0.0,0.0,1.0,0.0,1.0,0.0,0.2545286651350494,1
0.7448830759848064,0.33847616348204357,-0.014819433039049923,0.0,0.0,0.0,0.0,0.0,0.9861787914964164,0.20900630950927734,0.0,0.2782625198364258,0.17618517875671388,0.0,1.0,0.0,0.0,0.0,0.0,0.229439694657285,0
-0.4619285750095896,-0.40682059238988016,0.3498857453864727,0.0,0.0,0.0,0.0,0.0,0.7459297234766913,0.16929536819458008,0.0,0.13859515190124513,0.09761390686035157,0.0,0.0,0.0,0.0,0.0,0.0,0.31419379079443777,0
-0.3097483649935282,-0.2619976355100295,0.0,0.0,0.0,0.0,0.0,0.0,0.316059914112049,0.0,0.0,0.10611271858215332,0.19635581970214844,0.0,1.0,0.0,0.0,0.0,0.0,0.3272555424616887,0
-0.6721069176019981,-0.6678484625083846,-0.16269824782585096,0.0,0.0,0.029514032090758785,0.0,0.0,0.724900102018941,0.3862490844726562,0.0,0.19291229248046876,0.1358863353729248,0.25628013610839845,0.0,0.0,0.0,0.0,0.0,-0.007197714259481838,1
-0.2875716375810898,-0.2734293801757095,0.0,0.04367307466077477,0.0,0.0,0.0,0.0,-0.30004025643144405,0.0,0.0,0.02119545936584473,0.015382719039916993,0.0,0.0,0.0,0.0,0.0,0.0,-0.5459073058560363,1
-0.24639149565469698,-0.1482167407700538,0.3353843324348051,0.0,0.0,0.0,0.0,0.0,-0.2947796202433465,0.6882547760009765,0.0,0.1317619800567627,0.22070531845092775,0.0,0.0,1.0,0.0,0.0,0.0,0.004431406656901042,0
-0.2029153733859913,-0.4804870663598869,0.28437356167828337,0.045788534870517116,0.0,0.0,0.0,0.0,-0.05038893389974264,0.1891395378112793,0.0,-0.03482460975646973,0.046157026290893556,0.0,0.0,0.0,0.0,1.0,0.0,-0.008617140289045807,1
-0.14183167452904424,-0.3398146737613181,0.413236999738792,0.0,0.0,0.0,0.0,0.0,0.4051268810323973,0.15697832107543944,0.0,-0.0499112606048584,-0.017160940170288085,0.0,0.0,0.0,0.0,0.0,0.0,0.33847303472013557,1
0.47074846509959334,0.4024170807927906,0.37063566571857065,0.059616174880816296,0.0,0.0,0.0,0.0,1.3807434070495193,0.2919445037841797,0.0,0.21144180297851564,0.09005823135375977,0.0,0.0,0.0,0.0,0.0,0.0,0.36991429125141895,1
0.021308813559910156,-0.019817571954548655,0.5216738595700311,0.0,0.0,0.0,0.0,0.0,-0.3129405621877251,0.14697927474975586,0.0,0.19049906730651855,0.35598449707031254,0.0,0.0,0.0,0.0,1.0,0.0,0.2878453181340144,0
0.42409500439823783,0.7458744617573769,0.293411371300892,0.21334826446271943,0.0,0.0,0.0,0.0,0.317657867503688,0.25592416763305664,0.0,0.14821014404296876,0.2772580146789551,0.0,0.0,1.0,0.0,1.0,0.0,0.2545286651350494,1
-0.41370593658590393,-0.6176231084300794,-0.011475037464891827,0.03719636426959871,0.0,0.0,0.0,0.0,0.11254632133324986,0.14697927474975586,0.0,-0.20137248039245606,-0.3348649263381958,0.0,0.0,0.0,0.0,0.0,0.0,-0.5284470778245193,1
-0.3540442306846576,-0.3310604670757804,0.4028362472240953,0.0,0.0,0.0,0.0,0.0,0.3965531040991341,-0.54,0.0,0.0509117603302002,0.22674970626831056,0.0,0.0,0.0,0.0,0.0,0.0,-0.2592856252295339,0
-0.8324153185214125,-0.7844684723844622,-0.0843807503054199,0.0,0.0,0.0,0.0,0.0,-0.29443795169101256,-0.54,0.0,-0.0384394645690918,0.23311519622802734,0.0,0.0,0.0,0.0,0.0,0.0,-0.6002044677734375,1
-0.4948402513659043,-0.669736998126706,-0.09084193947860326,0.0,0.0,0.0,0.0,0.0,-0.03972205900355799,0.1129925537109375,0.0,-0.07987189292907715,0.0903944492340088,0.0,0.0,0.0,0.0,0.0,0.0,-0.1606310330904447,1
-0.7172439507858686,-0.7680229720655116,-0.0022563112171068156,0.0,0.0,0.0,0.0,0.0,-0.23697624570744086,0.009093589782714843,0.0,-0.033398771286010744,0.2504427909851074,0.0,1.0,0.0,0.0,0.0,0.0,-0.40294647216796875,1
-0.45806548753131526,-0.297197431228054,0.6998090193154906,0.0,0.0,0.0,0.0,0.0,0.06442900985819146,0.46112445831298826,0.0,0.209207820892334,0.31290388107299805,0.0,0.0,1.0,0.0,0.0,1.0,0.9444241646008614,0
-0.25604502667750995,-0.3493159802813607,0.0,0.07495434452172677,0.0,0.0,0.0,0.0,0.5806424025822129,0.0,0.0,0.33720970153808594,0.21622400283813478,0.0,1.0,0.0,0.0,0.0,0.0,0.476836669139373,0
0.0375335028230402,0.2271092309307427,0.2807675302575871,0.10499483920642963,0.0,0.0,0.0,0.0,0.0,0.39363372802734375,0.0,0.3499969482421875,0.3358001708984375,0.0,0.0,1.0,0.0,1.0,0.0,0.06908840603298612,0
-0.9757509478788287,-0.8076383873221519,0.0,0.0,0.0,0.0,0.0,0.0,-0.26116729605445294,0.0,0.0,0.2383742332458496,0.12644052505493164,0.0,0.0,0.0,0.0,0.0,0.0,-0.14285780425764558,1
-0.2338905103660871,-0.29268425033169954,0.0,0.09649219393286756,0.0,0.0,0.0,0.0,0.01399960553596654,0.0,0.0,0.3203466415405274,0.3085054397583008,0.0,0.0,0.0,1.0,0.0,0.0,0.10906741150424012,0
0.4371086530454056,0.09278335661068775,0.0,0.018475083323624,0.0,0.0,0.0,0.0,0.5457421851827496,0.0,0.0,0.06664328575134278,0.03939008712768555,0.0,1.0,0.0,0.0,0.0,0.0,0.18281708415756878,0
-0.4864318269161007,-0.28537977228908123,0.5044570850812828,0.0,0.0,0.0,0.0,0.0,1.1652797293792825,0.49898712158203123,0.0,0.02132554054260254,0.0749776840209961,0.0,0.0,0.0,0.0,0.0,0.0,0.1775386190821982,1
1.0234974103491818,0.8161962658360116,0.24644943371078645,0.0,0.0,0.0,0.0,0.0,0.1794380161511879,-0.54,0.0,0.1296485424041748,-0.042504310607910156,0.0,0.0,0.0,0.0,0.0,0.0,-0.07700422890165932,0
0.29620344895880557,1.2879225954910603,0.6090296668828308,0.0,0.0,0.0,0.0,0.0,0.2417235466038889,0.1964443016052246,0.0,0.1495593547821045,0.05336422920227051,0.0,0.0,0.0,0.0,1.0,0.0,-0.037221011952457264,0
0.12805636822515984,0.13417115339311222,0.23156508689161082,0.0,0.0,0.0,0.0,0.0,-0.36760218962497054,0.0400810432434082,0.0,0.2232213020324707,0.20830621719360354,0.0,0.0,0.0,0.0,0.0,0.0,0.22995777619190708,0
-0.8734050367004409,-0.4861566552291929,-0.08665657005775436,0.0,0.0,0.0,0.0,0.0,0.0023061794684314588,0.28274677276611326,0.0,-0.12593364715576172,0.24635963439941408,0.0,0.0,0.0,0.0,0.0,0.0,-0.1532184568225828,1
-0.2645980261575627,-0.2820731849192183,0.17497869647947337,0.0,0.0,0.0,0.0,0.0,-0.24170484191803124,-0.54,0.0,-0.15599985122680665,-0.17344598770141603,0.0,1.0,0.0,0.0,0.0,0.0,-0.20495422884949252,0
0.387767390346125,0.49526428129230726,0.09009169415913301,0.0,0.0,0.0,0.0,0.0,0.22289678574217597,0.16345870971679688,0.0,0.25676536560058594,0.24455814361572267,0.0,0.0,0.0,1.0,1.0,0.0,0.2831587832198184,0
-0.808699899117004,-0.7603797387737258,-0.07729081213893679,0.0,0.0,0.0,0.0,0.0,0.2172828691891365,0.0847133445739746,0.0,0.04171066284179688,0.07288374900817872,0.0,0.0,0.0,0.0,0.0,0.0,-0.31586899716629946,1
-0.546901469543419,-0.584047573516484,0.1293886631414735,0.0,0.0,0.0,0.0,0.0,-0.2699857415534547,-0.54,0.0,0.24347467422485353,0.22370023727416993,0.0,0.0,0.0,0.0,0.0,0.0,0.04311129578158387,0
-0.8012311750468584,-0.6394853353983642,-0.16984610793454033,0.0,0.0,0.0,0.0,0.0,-0.09487191575501604,0.15951421737670898,0.0,-0.03636789321899414,-0.13161950111389162,0.0,0.0,0.0,0.0,0.0,0.0,-0.6771693270430607,1
-0.48084380664628384,-0.5244875259247268,0.0,0.03582892584872508,0.0,0.06021130874837123,0.0,0.0,0.0,0.0,0.0,0.07448873519897461,0.05908284187316895,-0.6000000000000001,0.0,0.0,0.0,0.0,0.0,-0.11009281517094018,1
-0.6768657964059414,-0.5768642002438671,0.11937012724627043,0.04632789149840482,0.0,0.0,0.0,0.0,0.5586465361455003,0.2568667030334473,0.0,0.23422126770019533,0.19876465797424317,0.0,0.0,1.0,0.0,1.0,0.0,0.24578713963174414,1
-0.8515607251689398,0.0,0.0,0.0,0.0,0.0,0.0,0.0,-0.28338571734143425,0.0,0.0,0.06937870979309083,0.0,0.0,0.0,0.0,0.0,0.0,0.0,-1.040456478412335,1
1.5102578026054922,2.228875658324144,0.18802870913094258,0.0,0.0,0.0,0.0,0.0,0.12243932262205479,0.23700153350830078,0.0,0.05377550125122071,0.10905203819274903,0.0,0.0,0.0,0.0,0.0,0.0,-0.3418958288991553,0
-0.48150432182763636,-0.41731331333774097,-0.06775869067426925,0.0,0.0,0.0,-0.12157702720766951,0.0,0.42606908672132215,0.06483707427978515,0.0,-0.06251001358032227,0.04658613204956055,0.0,0.0,0.0,0.0,0.0,0.0,0.21296541914980638,1
-0.1032912053422281,-0.2665099623808534,0.2857761655399235,0.05663636454916865,0.0,0.0,0.0,0.0,0.02900809374375598,-0.54,0.0,0.10303235054016113,0.08345251083374024,0.0,0.0,0.0,0.0,0.0,1.0,-0.04158916636409923,0
-0.7113614796912158,-0.5653290907370444,0.046115619753384886,0.032684789649418323,0.0,0.0,0.0,0.0,-0.3453116256323695,0.06679298400878907,0.0,0.055050802230834965,-0.009419393539428712,0.0,0.0,0.0,0.0,1.0,0.0,0.255836910671658,1
0.2768764460168319,0.3504033024468988,0.06627712252727556,0.0,0.0,0.0,0.0,0.0,0.4951654778254866,0.325088996887207,0.0,0.2928081512451172,0.32657938003540044,0.0,0.0,1.0,1.0,1.0,0.0,0.6155509622687968,0
0.036412679445526494,-0.17285756370827643,1.0523535130049961,0.0,0.0,0.0,0.0,0.0,-0.14279968126057754,-0.54,0.0,0.011145877838134767,0.11078124046325684,0.0,0.0,0.0,0.0,1.0,0.0,-0.14231820391793537,0
-0.7003067190248918,-0.5953020892373586,0.0,0.029701759807020712,0.0,0.0,0.0,0.0,-0.3711787290726876,0.0,0.0,0.1565403461456299,0.030604648590087893,0.0,0.0,0.0,0.0,1.0,0.0,0.026090246999365654,1
-0.8757951153559913,-0.8404943997717679,-0.17547071019696936,0.0,-0.39849526744968455,0.0,0.0,0.0,-0.3757338044287883,-0.54,-0.042312211990356445,-0.16105589866638184,-0.2615623950958252,0.0,0.0,0.0,0.0,0.0,0.0,-0.276435297778529,1
-0.2789184955927608,-0.05385662034679829,0.5900145458591676,0.0,0.0,0.0,0.0,0.0,1.169541504451913,0.09423494338989258,0.0,0.13622865676879883,-0.07668724060058595,0.0,0.0,0.0,0.0,0.0,0.0,0.19965636424529248,1
0.09296137160344736,0.0,0.0,0.18981830942650052,0.0,0.0,0.0,0.0,0.0,0.0,0.0,-0.01628279685974121,0.0,0.0,0.0,0.0,0.0,0.0,0.0,-0.6340120592687885,1
0.39685475651133234,-0.01810509466433398,0.09946147072608681,0.0,0.0,0.0,0.0,0.0,-0.21772179988271317,-0.54,0.0,0.14676895141601562,0.22615795135498049,0.0,0.0,0.0,1.0,0.0,0.0,-0.3275638156467014,0
-0.7591835648117787,-0.763470691640371,-0.028476942218953607,0.0,0.0,0.0,0.0,0.0,-0.17938942710274555,-0.54,0.0,0.08037471771240234,-0.05927987098693848,0.0,0.0,1.0,0.0,0.0,0.0,-0.5819589663774539,1
-0.02316872621653826,-0.25089056870218446,0.4032054734874387,0.0,0.0,0.0,0.0,0.0,-0.398717379284654,0.08298877716064453,0.0,0.11857032775878906,0.2153648376464844,0.0,1.0,0.0,0.0,0.0,1.0,-0.021534618149455797,0
0.05291174735088337,0.0,0.0,0.0,0.0,0.0,0.0,0.0,-0.1880814401529016,0.0,0.0,0.37893362045288087,0.0,0.0,0.0,0.0,0.0,0.0,0.0,-0.19330896882929355,0
-0.533355268637166,-0.5331291860077166,0.0,0.030174586668094323,0.0,0.06230992039799729,0.0,0.0,0.0,0.0,0.0,0.017386531829833986,0.011001920700073243,-0.6000000000000001,0.0,0.0,0.0,0.0,0.0,-0.18212815635224694,1
-0.8324153185214127,-0.7844684723844624,-0.0843807503054199,0.0,0.0,0.0,0.0,0.0,-0.2944379516910133,-0.54,0.0,-0.0384394645690918,0.23311519622802734,0.0,0.0,0.0,0.0,0.0,0.0,-0.6002044677734375,1
-0.3286533071453454,-0.6276151511261605,0.0,0.0,0.0,0.0,0.0,0.0,0.2879760299055787,0.0,0.0,0.013250303268432618,-0.03335337638854981,0.0,0.0,0.0,0.0,0.0,0.0,-0.2073902553982205,1
-0.6849621592206181,-0.5424041396848843,0.0,0.0,0.0,0.0,0.0,0.0,-0.44814130255117823,0.0,0.0,0.15755062103271486,0.29836606979370117,0.0,1.0,0.0,0.0,0.0,1.0,0.5629312890207666,0
-0.18664454801921276,-0.2933676094543557,0.0,0.11296151688965768,0.0,0.0,0.0,0.0,-0.2043439244973063,0.0,0.0,0.09091334342956543,-0.054334402084350586,0.0,0.0,1.0,1.0,0.0,0.0,-0.2366796314206898,0
-0.6224508631174717,-0.4583694528848962,0.0,0.03836724916117289,0.0,0.0,0.0,1.184002390312132,-0.2880983058491271,0.0,0.0,0.03987689018249512,0.09910187721252442,0.0,0.0,0.0,0.0,0.0,0.0,0.2069016807099693,1
-0.7238003064434164,-0.5352993867738545,0.0,0.0,0.0,0.0,-0.3458153287540234,0.0,-0.10001657639192733,0.0,0.0,0.014744043350219727,0.020347929000854494,0.0,0.0,0.0,0.0,0.0,0.0,-0.36941365299061835,1
-0.5802860283297963,-0.46703628780956774,-0.10323989429287385,0.09074238004656636,0.0,0.0,0.0,0.0,-0.15273469722827296,-0.54,0.0,-0.0711395263671875,0.006793212890625001,0.0,0.0,0.0,0.0,0.0,0.0,-0.526875226925581,1
-0.6135029410774541,-0.5266279720854746,-0.025608030436425757,0.0,0.0,0.06967567405048866,0.0,0.0,0.0,0.3862490844726562,0.0,0.15515656471252443,0.16659646034240724,0.25628013610839845,0.0,0.0,0.0,0.0,0.0,-0.1780281718979534,1
0.13354099525009083,0.31623272690644244,0.20390696264174085,0.0,0.0,0.0,0.0,0.0,0.5152127148291189,0.099089298248291,0.0,0.09713134765625,0.07934484481811524,0.0,0.0,1.0,0.0,1.0,0.0,0.05180962065346221,1
-0.826071732824937,-0.5556348478708949,0.09190959880854493,0.0,0.0,0.0,0.0,0.0,-0.12008462791904713,0.4081642341613769,0.0,0.05371780395507813,-0.006176567077636719,0.0,0.0,0.0,0.0,0.0,0.0,-0.14215713892227566,1
0.1421986370658353,-0.16363541071768048,0.0,0.0,0.0,0.0,0.0,0.0,-0.28549512909388647,0.0,0.0,0.25052528381347655,0.4273237228393555,0.0,0.0,0.0,0.0,0.0,0.0,-0.26444671500442374,0
-0.728692632018056,-0.8279001753358165,0.0,0.015215978941262549,0.0,0.0008000005476224287,0.0,0.0,-0.3143849854783602,0.0,0.0,-0.1689600467681885,-0.21496760845184326,-0.6000000000000001,0.0,0.0,0.0,0.0,0.0,-0.7576737037071816,1
-0.8386486474068432,-0.5793190970342059,0.1325347915885815,0.0,0.0,0.0,0.0,0.0,0.0371717336988323,0.28274677276611326,0.0,0.05343427658081055,-0.031438446044921874,0.0,1.0,0.0,0.0,0.0,0.0,-0.29793079082782453,1
0.22865070338607235,0.24998185651472438,0.9220726146973455,0.0,0.0,0.0,0.0,0.0,-0.1760466659630465,0.16414730072021483,0.0,0.2595372200012207,0.2320107460021973,0.0,0.0,0.0,0.0,0.0,0.0,-0.01930595463157719,0
-0.06732747265950716,0.0,0.0,0.19483457504251278,0.0,0.0,0.0,0.0,0.0,0.0,0.0,-0.1343392848968506,0.0,0.0,0.0,0.0,0.0,0.0,0.0,-0.3588479196923411,1
0.9135456557278331,0.6580567896809272,0.19620794776846373,0.0,0.0,0.0,0.0,0.0,0.22871310031778602,0.14132137298583983,0.0,0.23837022781372072,0.25195932388305664,0.0,0.0,0.0,0.0,0.0,0.0,0.16857864510299814,0
-0.6721069176019981,-0.6678484625083846,-0.16269824782585096,0.0,0.0,0.029514032090758785,0.0,0.0,0.7249001020189413,0.3862490844726562,0.0,0.19291229248046876,0.1358863353729248,0.25628013610839845,0.0,0.0,0.0,0.0,0.0,-0.007197714259481838,1
-0.24556705979196536,-0.30163179878692487,0.62876855966603,0.0,0.0,0.0,0.0,0.0,0.07931741397636556,0.21913553237915037,0.0,0.2873265266418457,0.37908544540405276,0.0,0.0,0.0,0.0,0.0,0.0,0.6527227418035524,0
-0.7679765961290783,-0.5769140419597574,0.0,0.046772673038927834,0.0,0.0,0.0,0.9988212084732557,0.6404356116331074,0.0,0.0,0.19711527824401856,0.22230587005615235,0.0,0.0,1.0,0.0,0.0,0.0,0.22972253652719352,1
-0.6942972486766945,-0.6555847802273841,0.0,0.0,0.0,0.0,0.0,0.0,0.06699372968778342,0.0,0.0,0.22445297241210938,-0.011909675598144532,0.0,0.0,1.0,0.0,1.0,0.0,0.44436674851637625,0
-0.218681963704149,-0.43451292151029086,0.8080587301030737,0.0,0.0,0.0,0.0,0.0,0.30708367538866116,0.16650856018066407,0.0,0.2641171455383301,0.19436063766479494,0.0,0.0,0.0,0.0,0.0,0.0,-0.20316213624090212,0
-0.7350730328140596,-0.7693812056973715,-0.08998832203470442,0.0,0.0,0.0,0.0,0.0,-0.19312089695188667,-0.2073804759979248,0.0,0.007548046112060548,0.014657640457153322,0.0,0.0,0.0,0.0,0.0,0.0,-0.3908605657072149,1
0.17384613314585545,0.08770258375300882,-0.04749010424229003,0.0,0.0,0.0,0.0,0.0,-0.2579618479173488,0.4919010543823242,0.0,0.1550074577331543,0.24578886032104494,0.0,0.0,0.0,1.0,0.0,0.0,0.44933889666174215,0
-0.41370593658590404,-0.6176231084300798,-0.011475037464892476,0.03719636426959873,0.0,0.0,0.0,0.0,0.11254632133325004,0.14697927474975586,0.0,-0.20137248039245606,-0.3348649263381958,0.0,0.0,0.0,0.0,0.0,0.0,-0.5284470778245193,1
-0.8376985399494801,-0.6664570186535317,0.0,0.034477114527422026,0.0,0.0,0.0,0.0,-0.18085502785159072,0.0,0.0,-0.05565295219421387,0.07641448974609376,0.0,0.0,0.0,0.0,1.0,0.0,-0.1405274154793503,1
-0.27666202016938335,-0.306757483249315,0.7997837364576013,0.0,0.0,0.0,0.0,0.0,0.5327156787454927,0.2634330368041992,0.0,0.23675613403320314,0.29132843017578125,0.0,0.0,0.0,0.0,0.0,0.0,0.1288277063614283,0
0.28755610834313144,0.8868978592594942,0.5135921037414285,0.2585646268636602,0.0,0.0,0.0,0.0,1.3489109504182832,0.09938009262084961,0.0,0.008278656005859376,0.0797651767730713,0.0,0.0,1.0,0.0,1.0,0.0,-0.017078595283703927,1
1.3726267484077583,2.030907427752403,0.2364472608824564,0.0,0.0,0.0,0.0,0.0,0.19238143146155465,0.19749778747558594,0.0,0.15377764701843263,0.06257495880126954,0.0,0.0,0.0,0.0,0.0,0.0,-0.039418538411458336,0
-0.8286248749825762,-0.8660438213824745,-0.18024340038789122,0.0,0.0,0.0,0.0,0.0,-0.10891501297359062,0.0847133445739746,0.0,0.10965671539306641,0.0002993106842041016,0.0,0.0,1.0,0.0,0.0,0.0,-0.17428748628013155,1
-0.15773405165992452,-0.2500348845966858,0.5271282853422005,0.0,0.0,0.0,0.0,0.0,0.004888998637079131,0.009093589782714843,0.0,0.2075119972229004,0.18390650749206544,0.0,1.0,0.0,0.0,0.0,0.0,0.35337464422242254,0
-0.5065734427048049,-0.4598664897712644,0.0,0.0,0.0,0.0,0.0,0.0,0.9473627123325006,0.0,0.0,0.27613677978515627,0.2117661476135254,0.0,1.0,0.0,0.0,0.0,0.0,0.47151402530507147,0
-0.11147268111017594,-0.1381567689992233,0.9181233025595503,0.0,0.0,0.0,0.0,0.0,-0.27181739380447656,-0.54,0.0,0.11494040489196777,0.33817625045776367,0.0,0.0,0.0,0.0,1.0,0.0,-0.22303670899480837,0
0.07245964475312659,-0.2570193935142121,-0.12524405948325515,0.040326225573814614,0.0,0.0,0.0,0.0,0.6759398808664412,0.29726486206054686,0.0,0.028119611740112307,0.08299512863159181,0.0,0.0,0.0,0.0,0.0,1.0,0.20543008788019165,0
-0.4677094253378732,-0.7267683139957369,-0.17348997447162218,0.045570400476169476,0.0,0.0,0.0,0.0,0.6344471706370067,-0.54,0.0,0.2526839256286621,0.1602048397064209,0.0,0.0,0.0,0.0,0.0,1.0,-0.39533223861303085,0
-0.08320478319949297,0.14696197906630465,0.27542907327871646,0.0,0.0,0.0,0.0,0.0,-0.029682793329034923,0.3532493019104004,0.0,-0.05892095565795899,-0.042549467086792,0.0,0.0,0.0,0.0,0.0,0.0,-0.34119646773379075,0
-0.8686865478828812,-0.5554894819390834,0.24344096902798903,0.03199559187838872,0.0,0.0,0.0,0.0,-0.3256575067473173,-0.04135585784912109,0.0,-0.037100934982299806,-0.13676171302795412,0.0,0.0,0.0,0.0,0.0,0.0,-0.02767970419337607,1
0.13354099525009083,0.31623272690644244,0.20390696264174085,0.0,0.0,0.0,0.0,0.0,0.5152127148291198,0.099089298248291,0.0,0.09713134765625,0.07934484481811524,0.0,0.0,1.0,0.0,1.0,0.0,0.05180962065346221,1
-0.00826628429445743,0.059544252622453095,0.2901781786711404,0.0,0.0,0.0,0.0,0.0,0.09229656860987717,0.35550441741943356,0.0,0.2515433311462402,0.3063827514648438,0.0,0.0,0.0,0.0,0.0,0.0,-0.008699302999382345,0
0.09938291720792919,1.5962127808262982,0.054214727117619856,0.0,0.0,0.0,0.0,-2.567821931722779,-0.21687147498883536,0.035812397003173825,0.0,0.10971460342407227,0.09890694618225099,0.0,0.0,0.0,0.0,0.0,0.0,-0.3849443614992321,1
0.4621855871284545,1.1566308867953294,0.6654027516080674,0.2286444355426665,0.0,0.0,0.0,0.0,0.27271206251814706,0.09872217178344726,0.0,0.12944154739379884,0.0747910499572754,0.0,0.0,1.0,0.0,1.0,0.0,-0.01053215092063969,0
-0.458329872873677,-0.632273284210237,0.0,0.0,0.0,0.0,0.0,0.0,0.7702903492672624,0.0,0.0,0.22683162689208985,0.16966590881347657,0.0,1.0,0.0,0.0,0.0,0.0,0.03476134732238248,0
-0.9757509478788287,-0.8076383873221519,0.0,0.0,0.0,0.0,0.0,0.0,-0.26116729605445277,0.0,0.0,0.2383742332458496,0.12644052505493164,0.0,0.0,0.0,0.0,0.0,0.0,-0.14285780425764558,1
-0.6684543005698873,-0.8745164838333663,0.0,0.0,0.0,0.027570151126088877,0.0,0.0,0.6371656349401351,0.0,0.0,0.14318013191223145,0.2030059814453125,0.25628013610839845,0.0,0.0,0.0,0.0,0.0,-0.15688561985635352,1
-0.2690698316153472,-0.20342946332821643,0.5110574106143444,0.0,0.0,0.0,0.0,0.0,-0.35143450099531937,-0.54,0.0,0.16579270362854004,0.19311699867248536,0.0,1.0,0.0,0.0,0.0,0.0,0.2977940159985143,0
0.09492220280389412,-0.03176335952816384,0.06098944893661669,0.0,0.0,0.0,0.0,0.0,-0.16106224377514147,0.34777164459228516,0.0,0.11927947998046876,-0.006079912185668945,0.0,0.0,1.0,1.0,0.0,0.0,0.017990536159939237,0
0.3053801957369953,0.0,0.0,0.0,0.0,0.0,0.0,0.0,-0.0877683040153521,0.0,0.0,0.09933524131774903,0.0,0.0,0.0,0.0,0.0,0.0,0.0,0.3594794640174279,0
0.11119895587648518,0.27208244672847604,-0.0177871127126622,0.05496787586140421,0.0,0.0,0.0,0.0,1.2928077673877263,0.0231767463684082,0.0,0.011824703216552735,-0.010943412780761719,0.0,0.0,0.0,0.0,0.0,0.0,-0.3030175429124099,1
-0.2772280387105934,-0.6476262755617691,0.21763144484677197,0.0,0.0,0.0,0.0,0.0,0.22120403318259468,0.07334037780761718,0.0,0.03094592094421387,0.016182851791381837,0.0,0.0,0.0,0.0,0.0,0.0,-0.218251709245209,1
-0.4901143751554641,-0.6425079327485749,0.17815173956148267,0.0,0.0,0.0,0.0,0.0,0.11572960456927703,0.29785921096801754,0.0,0.019592809677124026,0.11457533836364747,0.0,0.0,0.0,0.0,0.0,1.0,0.22181828816731772,0
-0.48150432182763636,-0.41731331333774124,-0.06775869067426925,0.0,0.0,0.0,-0.12157702720766944,0.0,0.42606908672132215,0.06483707427978515,0.0,-0.06251001358032227,0.04658613204956055,0.0,0.0,0.0,0.0,0.0,0.0,0.21296541914980638,1
-0.33711325667470565,-0.16510984782590377,0.0,0.0,0.0,0.0,0.0,0.0,-0.014029916641412003,0.0,0.0,0.2514944076538086,0.19146742820739748,0.0,0.0,0.0,0.0,0.0,1.0,0.1620261689536592,0
-0.5741755197292325,-0.6691626212675346,0.0,0.044473259392218835,0.0,0.0,0.0,0.0,0.16062387056129096,0.0,0.0,0.3327790260314942,0.056197166442871094,0.0,0.0,1.0,0.0,1.0,0.0,0.41058744120801616,0
0.08097630405094844,0.03269251004031498,0.01574136172408053,0.0,0.0,0.0,0.0,0.0,0.890440080072064,0.5503612518310547,0.0,0.20511035919189455,0.286374568939209,0.0,0.0,0.0,0.0,0.0,0.0,0.32010494134364986,0
0.12988401212575468,0.0,0.0,0.0,0.0,0.0,0.0,0.0,-0.3720323582771517,0.0,0.0,0.1078183650970459,0.0,0.0,0.0,1.0,0.0,0.0,0.0,0.105946532681457,0
0.09938291720792995,1.5962127808262982,0.05421472711761993,0.0,0.0,0.0,0.0,-2.567821931722779,-0.21687147498883574,0.035812397003173825,0.0,0.10971460342407227,0.09890694618225099,0.0,0.0,0.0,0.0,0.0,0.0,-0.3849443614992321,1
0.3224718193127668,1.157877296367557,0.612881396205716,0.0,0.0,0.0,0.0,0.0,0.013138292347548958,0.3982902717590332,0.0,0.17401714324951173,0.1633263111114502,0.0,0.0,0.0,0.0,0.0,0.0,0.911144028362046,0
-0.39977913694222855,-0.32670686709200886,0.018407974763207907,0.0,0.0,0.0,0.0,0.0,-0.06980954671720224,-0.54,0.0,0.15521874427795412,0.2232985496520996,0.0,0.0,0.0,0.0,0.0,0.0,0.049235352084168,0
-0.5832592634256456,-0.6605471165962902,0.0,0.03494865621478338,0.0,0.0,0.0,0.0,-0.11710993970117885,0.0,0.0,-0.13387837409973144,-0.22607543468475344,0.0,0.0,1.0,0.0,0.0,0.0,-0.8836032182742388,1
0.050465160207071785,0.0,0.0,0.0,0.0,0.0,0.0,0.0,0.0,0.0,0.0,0.13418655395507814,0.0,0.0,0.0,0.0,0.0,0.0,0.0,-0.1486949431590545,0
-0.5724987334195117,-0.6969124700088051,0.158377277352064,0.05993986478831872,0.0,0.0,0.0,0.0,0.4869154703240721,0.34338563919067383,0.0,0.24570608139038086,0.0459197998046875,0.0,0.0,0.0,0.0,0.0,0.0,0.426629873422476,1
0.31357511238250174,1.3659480757411289,-0.03621251590654181,0.0,0.0,0.0,0.0,0.0,-0.38194572174978286,-0.08056068420410156,0.0,0.2333019256591797,0.035986900329589844,0.0,0.0,0.0,0.0,1.0,0.0,-0.3393691625350561,1
0.2060369670399123,0.19122473067257,0.5796840475466083,0.0,0.0,0.0,0.0,0.0,-0.16502705962181488,0.4099935150146484,0.0,0.24775228500366211,0.21872510910034182,0.0,0.0,0.0,0.0,0.0,0.0,0.25996917333358377,0
-0.27607955924368677,-0.14906667123288092,-0.2053598963694359,0.0,0.0,0.0,0.0,0.0,0.0026353680836745455,0.3532493019104004,0.0,0.2887454032897949,0.19813461303710939,0.0,0.0,0.0,0.0,0.0,0.0,-0.19182205200195312,0
-0.8773031131681986,-0.7325547069028763,-0.21702649302723487,0.0,0.0,0.022865155055998024,0.0,0.0,-0.048494229519516825,0.09198474884033203,0.0,0.03045201301574707,-0.046913337707519535,0.053204679489135744,0.0,1.0,0.0,0.0,0.0,0.319362542568109,1
-0.7004376278002573,-0.8715869825884324,-0.1769753212127793,0.0,0.0,0.0,0.0,0.0,-0.07298407292163583,-0.14826951026916504,0.0,-0.13434252738952637,-0.10768957138061525,0.0,0.0,0.0,0.0,0.0,0.0,-0.7775887057312534,1
0.3112926078733999,1.036731602003524,0.23049365115124879,0.0,0.0,0.0,0.0,0.0,-0.13914204777277545,0.07935470581054688,0.0,0.22404508590698244,0.1683088779449463,0.0,0.0,0.0,0.0,0.0,0.0,0.2734339135324853,0
-0.808699899117004,-0.7603797387737261,-0.07729081213893679,0.0,0.0,0.0,0.0,0.0,0.21728286918913667,0.0847133445739746,0.0,0.04171066284179688,0.07288374900817872,0.0,0.0,0.0,0.0,0.0,0.0,-0.31586899716629946,1
0.1394493229422018,0.3522912021729218,0.0,0.2015565564298934,0.0,0.0,0.0,0.0,0.7376578998079129,0.0,0.0,0.19119248390197754,0.37194414138793946,0.0,1.0,1.0,0.0,1.0,0.0,0.4480273907001202,0
-0.581206995599769,-0.7743005916526609,0.0,0.0,0.0,0.0,0.0,0.0,0.36013931999322074,0.0,0.0,0.16620917320251466,0.309054183959961,0.0,1.0,0.0,0.0,0.0,0.0,0.47647427289913863,0
-0.5218812107634861,-0.09216839093203684,0.5229604651941311,0.0,0.0,0.0,0.0,0.0,0.23554431455425875,0.14142951965332032,0.0,0.09500365257263184,0.11054840087890626,0.0,0.0,0.0,0.0,0.0,0.0,0.2901199536445814,1
-0.2584230364896558,-0.4661350910636871,0.4082838407613066,0.0,0.0,0.0,0.0,0.0,-0.03637250846874367,0.42477951049804685,0.0,0.1427677631378174,0.20096940994262696,0.0,0.0,0.0,0.0,0.0,0.0,-0.12988587729951256,0
-0.4066030659632076,-0.34938635451086336,-0.029144568880445518,0.0,0.0,0.0,0.0,0.0,0.43683208837869003,0.2634330368041992,0.0,-0.05235714912414551,-0.0069428920745849615,0.0,1.0,0.0,0.0,0.0,0.0,-0.37973028981787527,0
0.24114498535854006,0.03776417871717891,0.005557934787158426,0.0,0.0,0.0,0.0,0.0,0.6638595647101632,0.3848238372802734,0.0,0.23881006240844727,0.30111188888549806,0.0,0.0,0.0,0.0,0.0,0.0,0.21199886615459737,0
0.07551432897706517,0.7919509504320896,-0.021576819644348193,0.1197879809382532,0.0,0.0,0.0,0.0,-0.12841307634695298,-0.012818412780761719,0.0,0.23008832931518555,0.196089506149292,0.0,0.0,0.0,0.0,1.0,0.0,-0.1383639604617388,1
-0.3149173044261242,-0.24826549229518924,-0.14927190621938843,0.09276850474461415,0.0,-0.03716642316399314,0.0,0.0,-0.20148030856643126,-0.54,0.0,-0.1905372142791748,-0.12884087562561036,-0.6000000000000001,0.0,0.0,0.0,0.0,0.0,-0.6774437733185598,1
-0.1418316745290441,-0.3398146737613181,0.413236999738792,0.0,0.0,0.0,0.0,0.0,0.4051268810323969,0.15697832107543944,0.0,-0.0499112606048584,-0.017160940170288085,0.0,0.0,0.0,0.0,0.0,0.0,0.33847303472013557,1
-0.1314030514650834,-0.4294080169485996,0.0,0.0,0.0,0.0,0.0,0.0,0.11587405926025149,0.0,0.0,0.20793685913085938,0.09516634941101075,0.0,0.0,1.0,0.0,0.0,0.0,-0.07142498961880676,0
-1.0515969354575916,-0.9716588004206735,0.0,0.0,0.0,0.0,0.0,0.0,-0.1581423504099763,0.0,0.0,0.20673217773437502,0.3348129272460938,0.0,0.0,0.0,0.0,0.0,0.0,0.012644091223040199,1
-0.4934059975468339,-0.188713715597474,0.7738937395100316,0.0,0.0,0.0,0.0,0.0,0.14043229104737542,0.46112445831298826,0.0,0.1568007469177246,0.2323783874511719,0.0,0.0,1.0,0.0,0.0,1.0,0.9976140861837274,0
1.2714321777504913,0.5604981629873184,0.7013045088603529,0.0,0.0,0.0,0.0,0.0,-0.06789353398125436,0.35066162109375,0.0,0.13939962387084961,0.2941549301147461,0.0,1.0,0.0,0.0,0.0,0.0,0.18725126217573118,0
0.32049280506603145,0.214319037691659,-0.16833336893893905,0.0,0.0,0.0,0.0,0.0,-0.27725984055651015,-0.54,0.0,0.16144070625305176,0.16485438346862794,0.0,0.0,0.0,0.0,0.0,0.0,-0.0493056142432058,0
-1.0990406337309215,-0.7344772388946439,0.0,0.0,0.0,0.0,0.0,0.0,-0.4029345414273336,0.0,0.0,0.019731140136718752,-0.06236004829406738,0.0,0.0,0.0,0.0,0.0,0.0,-0.3155199686686198,1
-0.7601455119853514,-0.5423052754481373,0.0,0.0,0.0,0.0,0.0,0.0,-0.39059665029737345,0.0,0.0,0.03603219985961914,0.23298673629760744,0.0,0.0,0.0,0.0,0.0,0.0,-0.5668103796804054,1
-0.5692838395093054,-0.8656958072488233,0.0,0.00993108157320389,0.0,0.002555387733616993,0.0,0.0,-0.25442257642051497,0.0,0.0,-0.12001137733459473,-0.159891414642334,-0.6000000000000001,0.0,0.0,0.0,0.0,0.0,-0.4652103195842515,1
-0.49671471062472855,-0.48816557794520415,0.6690151665546776,0.0,0.0,0.0,0.0,0.0,-0.022564559454394444,0.029557857513427734,0.0,0.2034308433532715,0.09442381858825684,0.0,0.0,0.0,0.0,0.0,0.0,-0.06652766822749734,1
-0.7350730328140596,-0.7693812056973715,-0.08998832203470475,0.0,0.0,0.0,0.0,0.0,-0.1931208969518873,-0.2073804759979248,0.0,0.007548046112060548,0.014657640457153322,0.0,0.0,0.0,0.0,0.0,0.0,-0.3908605657072149,1
0.04693044024689361,0.10222842763412195,-0.15219383285316718,0.18208111314578437,0.0,0.0,0.0,0.0,-0.32695054103076887,-0.54,0.0,-0.11845955848693848,0.1628589630126953,0.0,1.0,0.0,0.0,0.0,0.0,-0.3866613013112647,0
-0.7591835648117785,-0.763470691640371,-0.028476942218953645,0.0,0.0,0.0,0.0,0.0,-0.17938942710274583,-0.54,0.0,0.08037471771240234,-0.05927987098693848,0.0,0.0,1.0,0.0,0.0,0.0,-0.5819589663774539,1
-0.20352355778712172,-0.46817895291030315,-0.20713159854161312,0.0,0.0,0.0,0.0,0.0,0.6397131702747582,0.28982088088989255,0.0,0.05828409194946289,0.01186833381652832,0.0,0.0,0.0,0.0,0.0,0.0,-0.045552212967831865,1
-0.6850641189098217,-0.746087496188293,0.10811219928867134,0.0,0.0,0.0,0.0,0.0,-0.3232557631138029,0.061137542724609376,0.0,0.023477125167846682,0.0087310791015625,0.0,0.0,0.0,0.0,0.0,0.0,-0.5014010372324886,1
-0.4446804797869584,-0.3681648704753649,0.0,0.035302101855170576,0.0,0.0,0.0,0.0,-0.01173671030349626,0.0,0.0,0.11201095581054688,0.07015223503112793,0.0,0.0,0.0,0.0,0.0,0.0,-0.563456054426666,1
0.5772656783468847,0.08332172794621437,-0.12720171055240348,0.0,0.0,0.0,0.0,0.0,-0.14071745465256397,0.026029586791992188,0.0,0.03845291137695313,0.27655735015869143,0.0,0.0,0.0,0.0,0.0,0.0,-0.031014629918285925,0
-0.8686865478828814,-0.5554894819390834,0.24344096902798917,0.03199559187838873,0.0,0.0,0.0,0.0,-0.3256575067473176,-0.04135585784912109,0.0,-0.037100934982299806,-0.13676171302795412,0.0,0.0,0.0,0.0,0.0,0.0,-0.02767970419337607,1
-0.6466479472700379,-0.6778103161874564,0.0,0.0,0.0,0.0,0.0,0.0,-0.29457381683586964,0.0,0.0,-0.08709416389465333,0.24703187942504884,0.0,0.0,0.0,0.0,1.0,0.0,-0.6840655334994324,1
-0.7618676003414049,-0.8024753636733051,0.00720588425019595,0.0,0.0,0.0,0.0,0.0,0.5796490632976266,0.2634330368041992,0.0,0.08785309791564942,0.1349864959716797,0.0,0.0,0.0,0.0,0.0,0.0,-0.9440183231973241,1
-0.826071732824937,-0.5556348478708949,0.09190959880854509,0.0,0.0,0.0,0.0,0.0,-0.12008462791904681,0.4081642341613769,0.0,0.05371780395507813,-0.006176567077636719,0.0,0.0,0.0,0.0,0.0,0.0,-0.14215713892227566,1
-0.2029153733859913,-0.4804870663598869,0.2843735616782846,0.045788534870517116,0.0,0.0,0.0,0.0,-0.05038893389974327,0.1891395378112793,0.0,-0.03482460975646973,0.046157026290893556,0.0,0.0,0.0,0.0,1.0,0.0,-0.008617140289045807,1
0.9482363023355831,0.5205306728818236,0.09660991769302756,0.1230921520845392,0.0,0.0,0.0,0.0,0.0,0.3040609931945801,0.0,0.3457378387451172,0.23175172805786134,0.0,1.0,0.0,0.0,0.0,0.0,0.4278737255650708,0
0.3829963396179315,0.47938565006346895,0.35394428693067337,0.0,0.0,0.0,0.0,0.0,-0.05724649130989454,0.445341796875,0.0,0.24602947235107422,0.22828569412231448,0.0,0.0,0.0,1.0,0.0,0.0,0.16612566434420073,0
-0.4966824033004202,-0.3577959059221092,0.0,0.0,0.0,0.0,0.0,0.0,0.9211018747096518,0.0,0.0,0.1576523780822754,0.07381505966186523,0.0,1.0,0.0,0.0,0.0,0.0,0.09387904762202859,0
-0.717463134827925,-0.8110063253681998,-0.15077566426789166,0.0,0.0,0.0,0.0,0.0,-0.23291197389497853,0.009093589782714843,0.0,-0.10353212356567383,0.063419771194458,0.0,0.0,0.0,0.0,0.0,0.0,-0.3737286624745426,1
-0.23304800163556755,-0.2578432140445016,0.0,0.0,0.0,0.0,0.0,0.0,0.15581884868914464,0.0,0.0,0.030571937561035156,0.3422891616821289,0.0,1.0,0.0,0.0,0.0,1.0,0.5646827893379407,0
-0.6654559421743972,-0.38846824510051975,-0.0036608927350491767,0.058362587249706145,0.0,0.0,0.0,-2.3545917432268153,0.5446489679103047,0.2707198905944824,0.0,0.11334471702575684,0.12762341499328614,0.0,0.0,1.0,0.0,0.0,0.0,0.2576940487592648,1
-0.0018550072470163992,-0.1596140203668792,0.0,0.0,0.0,0.0,0.0,0.0,-0.4043080785674754,0.0,0.0,0.2542126655578613,0.2878084182739258,0.0,1.0,0.0,0.0,0.0,1.0,0.6370063520904281,0
-0.30595892019487725,-0.22031654637370246,0.13445159485499014,0.0,0.0,0.0,0.0,0.0,-0.023659514623839487,0.136790714263916,0.0,0.15383424758911135,0.2821556091308594,0.0,0.0,0.0,0.0,0.0,1.0,0.028524969378088277,0
0.3028801067373088,0.0,0.0,0.0,0.0,0.0,0.0,0.0,0.0,0.0,0.0,0.09021387100219727,0.0,0.0,0.0,0.0,0.0,0.0,0.0,0.22791968451605904,0
-0.45760464839716986,-0.6930995664704855,0.31647806338208295,0.0,0.0,0.0,0.0,0.0,0.049552816721127754,-0.008387432098388672,0.0,0.12531657218933107,0.09644289016723634,0.0,0.0,0.0,0.0,0.0,0.0,0.02303734803811098,1
-0.24559109765317894,-0.12478556429637584,0.05773264309232631,0.0,0.0,0.0,0.0,0.0,0.0,0.24016462326049803,0.0,0.18893165588378907,0.16324563026428224,0.0,0.0,0.0,0.0,1.0,1.0,-0.041124881842197515,0
-0.3218338625510034,-0.634986749576351,0.0,0.0,0.0,0.0,0.0,0.0,-0.4359932619480711,0.0,0.0,0.08488430976867677,-0.15766572952270508,0.0,0.0,0.0,0.0,0.0,0.0,-0.7583036178197616,1
-0.8739333761259531,-0.9295687641249116,0.0,0.019208559882816195,0.0,0.013070259334423767,0.0,0.0,-0.0733301970110795,0.0,0.0,-0.06732821464538574,-0.11568198204040528,-0.6000000000000001,0.0,0.0,0.0,0.0,0.0,-0.2406368092593984,1
-0.5082779164513587,-0.7310466275407336,0.34676661981161205,0.06674863653000954,0.0,0.0,0.0,0.0,0.4224560935513004,0.29726486206054686,0.0,0.2526569366455078,0.046885824203491216,0.0,0.0,0.0,0.0,0.0,0.0,-0.5661708473140358,1
-0.6145831389082305,-0.5926093093067165,0.9364241280551602,0.0,0.0,0.0,0.0,0.0,0.2124178514148925,0.45793190002441403,0.0,0.0711848258972168,0.1337371826171875,0.0,1.0,1.0,0.0,0.0,0.0,0.40921985593616456,0
0.12221883100047902,0.16423461920359814,0.03362562542844439,0.0,0.0,0.0,0.0,0.0,0.7551070398475959,0.26324781417846677,0.0,0.2074295997619629,0.2684331893920899,0.0,0.0,0.0,0.0,0.0,1.0,0.03057382045648037,0
-0.4153302838602969,-0.7167245919157218,0.3258200972273189,0.0,0.0,0.0,0.0,0.0,0.17333651423972485,0.6439897155761719,0.0,0.2305696487426758,0.25749664306640624,0.0,0.0,0.0,0.0,0.0,0.0,0.20969553890391293,0
-0.7992216612629509,0.0,0.0,0.0,0.0,0.0,0.0,0.0,-0.266340141369366,0.0,0.0,0.12234921455383302,0.0,0.0,0.0,0.0,0.0,0.0,0.0,-0.5470383472931691,1
0.32028269897493916,0.6312836006491933,-0.16055695440183718,0.21459516799613398,0.0,0.0,0.0,0.0,0.5680117643895805,0.3118729019165039,0.0,0.11050329208374024,0.22793207168579102,0.0,0.0,1.0,0.0,1.0,0.0,0.2986987839397202,0
0.313575112382502,1.3659480757411284,-0.036212515906541884,0.0,0.0,0.0,0.0,0.0,-0.38194572174978275,-0.08056068420410156,0.0,0.2333019256591797,0.035986900329589844,0.0,0.0,0.0,0.0,1.0,0.0,-0.3393691625350561,1
-0.6224508631174718,-0.4583694528848964,0.0,0.03836724916117289,0.0,0.0,0.0,1.1840023903121326,-0.2880983058491273,0.0,0.0,0.03987689018249512,0.09910187721252442,0.0,0.0,0.0,0.0,0.0,0.0,0.2069016807099693,1
0.2493473202813209,-0.24178769470447758,0.0,0.0,0.0,0.0,0.0,0.0,-0.2765662696656328,0.0,0.0,0.14483561515808105,0.187103271484375,0.0,0.0,0.0,0.0,0.0,0.0,-0.20214325342422879,0
-0.2828449699059279,-0.4050361373250953,0.31772668709316476,0.0,0.0,0.0,0.0,0.0,1.3040083518488257,0.08345317840576172,0.0,0.01733107566833496,0.20429124832153323,0.0,0.0,0.0,0.0,0.0,1.0,0.0223233149601863,0
0.3112926078734002,1.0367316020035249,0.23049365115124915,0.0,0.0,0.0,0.0,0.0,-0.1391420477727756,0.07935470581054688,0.0,0.22404508590698244,0.1683088779449463,0.0,0.0,0.0,0.0,0.0,0.0,0.2734339135324853,0
0.09296137160344736,0.0,0.0,0.18981830942650052,0.0,0.0,0.0,0.0,0.0,0.0,0.0,-0.01628279685974121,0.0,0.0,0.0,0.0,0.0,0.0,0.0,-0.6340120592687885,1
-0.6466479472700379,-0.6778103161874562,0.0,0.0,0.0,0.0,0.0,0.0,-0.29457381683586936,0.0,0.0,-0.08709416389465333,0.24703187942504884,0.0,0.0,0.0,0.0,1.0,0.0,-0.6840655334994324,1
-0.4363770815501729,-0.44982799066876206,0.9705226034581256,0.0,0.0,0.0,0.0,0.0,0.30183762689538585,0.5811104965209961,0.0,0.12399039268493653,0.2623264312744141,0.0,1.0,0.0,0.0,0.0,0.0,0.2208517351721087,0
0.6635425883885612,0.3925551605836063,0.0,0.0,0.0,0.03440342067632271,0.0,0.0,0.06044215695120216,0.0,0.0,0.2518965721130371,0.22931365966796877,-0.03275413513183594,0.0,0.0,0.0,0.0,1.0,0.7606128138354701,0
-0.8386486474068432,-0.5793190970342059,0.1325347915885811,0.0,0.0,0.0,0.0,0.0,0.03717173369883095,0.28274677276611326,0.0,0.05343427658081055,-0.031438446044921874,0.0,1.0,0.0,0.0,0.0,0.0,-0.29793079082782453,1
-0.2789184955927606,-0.05385662034679829,0.5900145458591672,0.0,0.0,0.0,0.0,0.0,1.169541504451912,0.09423494338989258,0.0,0.13622865676879883,-0.07668724060058595,0.0,0.0,0.0,0.0,0.0,0.0,0.19965636424529248,1
-0.2772280387105934,-0.6476262755617691,0.21763144484677188,0.0,0.0,0.0,0.0,0.0,0.22120403318259485,0.07334037780761718,0.0,0.03094592094421387,0.016182851791381837,0.0,0.0,0.0,0.0,0.0,0.0,-0.218251709245209,1
-0.16445434109422852,-0.1729126315707461,0.03827558142572157,0.0,0.0,0.0,0.0,0.0,0.620711545639957,0.3830663108825684,0.0,0.21978044509887695,0.2323244094848633,0.0,0.0,0.0,0.0,0.0,1.0,0.8930304111578526,0
-0.2690698316153472,-0.20342946332821626,0.5110574106143445,0.0,0.0,0.0,0.0,0.0,-0.35143450099531875,-0.54,0.0,0.16579270362854004,0.19311699867248536,0.0,1.0,0.0,0.0,0.0,0.0,0.2977940159985143,0
-0.5430616216095796,-0.4082595070650063,0.6418193741937078,0.0,0.0,0.0,0.0,0.0,-0.12724903244464475,0.014226951599121093,0.0,0.33750247955322266,0.16145000457763672,0.0,0.0,0.0,0.0,0.0,0.0,0.8437813652886286,0
-0.6772061771819045,-0.736341778140008,0.7104321296973056,0.06432879112074649,0.0,0.0,0.0,0.0,0.46940556455093674,0.2810759353637695,0.0,0.06857419013977051,0.021893405914306642,0.0,0.0,0.0,0.0,0.0,0.0,-0.34776035537067645,1
-0.6299078791744348,-0.428010779435637,0.0,0.0,0.0,0.04353026505138127,0.0,0.0,0.6773667295694631,0.0,0.0,0.10015802383422852,0.23693885803222658,0.10584673881530762,0.0,0.0,0.0,0.0,1.0,0.7426392318856003,0
0.7244754122501152,0.34303256004429883,-0.08661522819454992,0.0,0.0,0.0,0.0,0.0,0.10146972843711777,0.21913553237915037,0.0,-0.06395993232727051,0.08920116424560548,0.0,0.0,0.0,0.0,0.0,0.0,0.26233933929704195,0
-0.2875716375810898,-0.2734293801757092,0.0,0.043673074660774774,0.0,0.0,0.0,0.0,-0.3000402564314445,0.0,0.0,0.02119545936584473,0.015382719039916993,0.0,0.0,0.0,0.0,0.0,0.0,-0.5459073058560363,1
-0.4550187673504246,-0.6095548030031852,-0.1728815380844917,0.0,0.0,0.0,0.0,0.0,0.369424022776459,0.0847133445739746,0.0,-0.17113356590270998,-0.052497816085815434,0.0,0.0,0.0,0.0,0.0,0.0,-0.5198481959155482,1
-0.7398542917214501,-0.7597721043449079,0.06090199342668045,0.0,0.0,0.0,0.0,0.0,0.36117827312731005,-0.0072201347351074216,0.0,-0.08086590766906739,0.12951016426086426,0.0,0.0,0.0,0.0,0.0,0.0,-0.34607748700003343,0
0.13538210604102172,-0.1368482717225094,0.0,0.0,0.0,0.0,0.0,0.0,-0.1475149345093416,0.0,0.0,0.06586413383483887,0.31255435943603516,0.0,0.0,0.0,0.0,0.0,0.0,-0.333351070045406,0
-0.6454497473572073,-0.7420512938423657,0.0,0.0,0.0,0.0,0.0,0.0,0.6089648547668148,0.0,0.0,0.04953436851501465,0.14320015907287598,0.0,1.0,0.0,0.0,0.0,0.0,0.1525248014009916,0
-0.3769742942049584,-0.2840691879788081,0.0,0.058368536504932934,0.0,0.0,0.0,0.0,0.03510499546646192,0.0,0.0,0.16352124214172364,0.15261478424072267,0.0,1.0,0.0,0.0,0.0,1.0,0.02613002418452858,0
-0.755236974133826,-0.6559251817993886,0.05086817044579442,0.0,0.0,0.0,0.0,0.0,-0.08117451976045353,0.14697927474975586,0.0,0.04260034561157227,0.025235080718994142,0.0,0.0,0.0,0.0,0.0,0.0,-0.7533595908401359,1
-0.7223600290723817,-0.750850847216926,0.0,0.029532829702246032,0.0,0.0,0.0,0.0,-0.1414648071242309,0.0,0.0,0.08150625228881836,-0.0054074287414550785,0.0,0.0,0.0,0.0,0.0,0.0,-0.22005472427759418,1
-0.4967147106247286,-0.48816557794520415,0.6690151665546776,0.0,0.0,0.0,0.0,0.0,-0.022564559454393632,0.029557857513427734,0.0,0.2034308433532715,0.09442381858825684,0.0,0.0,0.0,0.0,0.0,0.0,-0.06652766822749734,1
0.4170142534995739,1.0763099430820262,0.6532763477189334,0.0,0.0,0.0,0.0,0.0,0.14527499377908262,0.17179309844970703,0.0,0.015790271759033202,0.14976682662963867,0.0,0.0,0.0,0.0,0.0,0.0,-0.44742258186014294,0
-0.576090054034652,-0.5010070039010542,0.7925640124711644,0.0,0.0,0.0,0.0,0.0,1.2915285426669776,0.3778835678100586,0.0,0.04275493621826172,0.09825787544250489,0.0,1.0,0.0,0.0,0.0,0.0,0.15875090900649375,0
-0.8757951153559913,-0.8404943997717679,-0.17547071019696947,0.0,-0.39849526744968455,0.0,0.0,0.0,-0.3757338044287883,-0.54,-0.042312211990356445,-0.16105589866638184,-0.2615623950958252,0.0,0.0,0.0,0.0,0.0,0.0,-0.276435297778529,1
1.5102578026054916,2.228875658324144,0.18802870913094313,0.0,0.0,0.0,0.0,0.0,0.12243932262205452,0.23700153350830078,0.0,0.05377550125122071,0.10905203819274903,0.0,0.0,0.0,0.0,0.0,0.0,-0.3418958288991553,0
-0.8433543308467526,-0.8034550129193407,0.2849676087564418,0.0,0.0,0.0,0.0,0.0,0.0,0.4650907516479492,0.0,0.3812435150146485,0.2912527084350586,0.0,0.0,1.0,0.0,0.0,1.0,0.1156060308472723,0
-1.0051699548616122,-0.4287229538468459,0.0,0.0,0.0,0.0,0.0,0.0,-0.40381831163016496,0.0,0.0,0.03974485397338867,0.07281656265258789,0.0,0.0,0.0,1.0,0.0,0.0,-0.5042904258793236,1
0.6300566618646155,0.13976271282579872,0.07864219198392008,0.0,0.0,0.0,0.0,0.0,0.11680849286835901,0.21712743759155273,0.0,0.08068113327026367,0.08705782890319824,0.0,0.0,0.0,0.0,0.0,0.0,-0.19022281353290266,0
-0.32954927778368537,-0.5665228437533392,0.48699249793397775,0.06490591763030766,0.0,0.0,0.0,0.0,0.2274292051513748,0.3697710227966308,0.0,0.22986345291137697,0.2374828338623047,0.0,1.0,1.0,0.0,0.0,0.0,0.3481207953559028,0
0.6128375361618522,0.6505519328831992,0.6519503806041673,0.12253380198366237,0.0,0.0,0.0,0.0,0.09000957684161034,0.1295730972290039,0.0,0.15947856903076174,0.15625801086425783,0.0,0.0,0.0,0.0,0.0,0.0,0.10558087601620927,0
-0.4446804797869584,-0.3681648704753649,0.0,0.035302101855170534,0.0,0.0,0.0,0.0,-0.01173671030349581,0.0,0.0,0.11201095581054688,0.07015223503112793,0.0,0.0,0.0,0.0,0.0,0.0,-0.563456054426666,1
-0.8190873577008603,-0.8527990350493964,0.0,0.026723825453509726,0.0,-0.025938916760085702,0.0,0.0,-0.449894457783104,0.0,0.0,0.01919212341308594,0.12169604301452637,0.14721212387084961,0.0,1.0,0.0,1.0,0.0,0.024641314123430826,1
0.6125151843649888,0.5584582574471489,0.7159429820866219,0.0,0.0,0.0,0.0,0.0,0.0,0.37950954437255857,0.0,0.21978397369384767,0.2546210289001465,0.0,0.0,0.0,0.0,0.0,1.0,0.24284183469593018,0
-0.205656284908084,-0.2562506142203801,1.2375658912102596,0.0722139588512251,0.0,0.0,0.0,0.0,0.4209307980165959,0.36833169937133786,0.0,0.3004300117492676,0.20480804443359377,0.0,1.0,0.0,0.0,0.0,0.0,0.40484795203575724,0
-0.4055787975792966,-0.45654665765900054,0.0,0.0,0.0,0.0,0.0,0.0,-0.008973306641857227,0.0,0.0,-0.015311574935913086,0.3099070549011231,0.0,1.0,0.0,0.0,0.0,1.0,0.7523367140028212,0
0.6128375361618522,0.6505519328831992,0.6519503806041671,0.12253380198366237,0.0,0.0,0.0,0.0,0.09000957684161115,0.1295730972290039,0.0,0.15947856903076174,0.15625801086425783,0.0,0.0,0.0,0.0,0.0,0.0,0.10558087601620927,0
-0.7223600290723817,-0.750850847216926,0.0,0.029532829702246032,0.0,0.0,0.0,0.0,-0.14146480712423085,0.0,0.0,0.08150625228881836,-0.0054074287414550785,0.0,0.0,0.0,0.0,0.0,0.0,-0.22005472427759418,1
-0.3585223462366326,-0.19967345628507782,0.0,0.0,0.0,0.0,0.0,0.0,0.003727699580579155,0.0,0.0,0.34563350677490234,0.34195537567138673,0.0,0.0,0.0,0.0,0.0,1.0,0.23056617149939906,0
0.47074846509959395,0.40241708079279087,0.37063566571857065,0.059616174880816296,0.0,0.0,0.0,0.0,1.3807434070495193,0.2919445037841797,0.0,0.21144180297851564,0.09005823135375977,0.0,0.0,0.0,0.0,0.0,0.0,0.36991429125141895,1
-0.7180960053906671,-0.6180974375617118,0.5596452150528467,0.0,0.0,0.0,0.0,0.0,-0.30810766645287796,0.29784599304199216,0.0,0.012523365020751954,-0.014627552032470703,0.0,0.0,0.0,0.0,1.0,0.0,-0.5412168584318243,1
-0.5832592634256459,-0.6605471165962904,0.0,0.034948656214783366,0.0,0.0,0.0,0.0,-0.11710993970117911,0.0,0.0,-0.13387837409973144,-0.22607543468475344,0.0,0.0,1.0,0.0,0.0,0.0,-0.8836032182742388,1
1.3280993247294424,0.7322714924229143,0.5401688154745643,0.0,0.0,0.0,0.0,0.0,-0.1467229888997132,-0.54,0.0,0.15113472938537598,0.09664878845214844,0.0,1.0,0.0,0.0,0.0,0.0,-0.2823241144163996,0
-0.5803409775749686,-0.561759206001218,0.4912580977333404,0.0,0.0,0.0,0.0,0.0,0.162091800173906,0.10377725601196289,0.0,-0.02937870025634766,0.06435871124267578,0.0,0.0,0.0,0.0,0.0,0.0,0.02083916949410724,0
-0.19539113161428306,-0.4262945695409057,0.452584961067225,0.0,0.0,0.0,0.0,0.0,-0.36571825556170084,0.6882547760009765,0.0,0.1894298553466797,0.0697627067565918,0.0,0.0,0.0,0.0,0.0,0.0,-0.4285367329915365,1
-0.4501672115578234,-0.4497843388979168,0.2839206658887384,0.0,0.0,0.0,0.0,0.0,0.46349611399449775,0.3502431678771972,0.0,0.1794825077056885,0.2617377281188965,0.0,0.0,1.0,0.0,1.0,1.0,0.6732701032589644,0
-0.6583945399951575,-0.9025028286181607,0.25465143989412214,0.0,0.0,0.0,-0.2671273254259217,0.0,0.20236063771766577,0.07869243621826172,0.0,-0.044058942794799806,0.014400148391723634,0.0,0.0,0.0,0.0,0.0,0.0,-0.5608020684657953,1
-0.03843647119554652,-0.6756246781335427,0.7723180685114771,0.0,0.0,0.0,0.0,0.0,0.3025196278452993,-0.05887722015380859,0.0,0.19392285346984864,0.2635549545288086,0.0,0.0,0.0,0.0,0.0,0.0,0.6818906669942743,0
-0.45760464839716997,-0.6930995664704855,0.3164780633820829,0.0,0.0,0.0,0.0,0.0,0.04955281672112902,-0.008387432098388672,0.0,0.12531657218933107,0.09644289016723634,0.0,0.0,0.0,0.0,0.0,0.0,0.02303734803811098,1
-0.4864318269161007,-0.28537977228908123,0.5044570850812823,0.0,0.0,0.0,0.0,0.0,1.1652797293792825,0.49898712158203123,0.0,0.02132554054260254,0.0749776840209961,0.0,0.0,0.0,0.0,0.0,0.0,0.1775386190821982,1
-0.3286533071453456,-0.6276151511261606,0.0,0.0,0.0,0.0,0.0,0.0,0.2879760299055785,0.0,0.0,0.013250303268432618,-0.03335337638854981,0.0,0.0,0.0,0.0,0.0,0.0,-0.2073902553982205,1
-0.22681586834712825,0.0,0.0,0.0,0.0,0.0,0.0,0.0,-0.19416271716361577,0.0,0.0,0.21393928527832032,0.0,0.0,0.0,0.0,0.0,0.0,0.0,0.012958233173076924,0
0.1029785354440139,0.14995337476936685,0.8083909049786004,0.0,0.0,0.0,0.0,0.0,-0.23587559993574575,0.15035751342773437,0.0,0.26384906768798827,0.2150406837463379,0.0,0.0,0.0,0.0,0.0,0.0,0.03808779594225761,0
-0.21965997321031688,-0.3828849130532209,1.0489267868830159,0.0,0.0,0.0,0.0,0.0,1.3980563211060093,0.3971248626708984,0.0,0.13120250701904299,0.13638014793395997,0.0,1.0,0.0,0.0,1.0,0.0,0.20878995585645369,0
-0.7601455119853514,-0.5423052754481373,0.0,0.0,0.0,0.0,0.0,0.0,-0.3905966502973737,0.0,0.0,0.03603219985961914,0.23298673629760744,0.0,0.0,0.0,0.0,0.0,0.0,-0.5668103796804054,1
0.7216643548250573,0.4060347603909856,0.2229850614750028,0.0,0.0,0.0,0.0,0.0,0.6705890887821122,0.5223803329467773,0.0,0.2297839164733887,0.2423104286193848,0.0,0.0,0.0,0.0,0.0,0.0,0.04437878600552551,0
-0.8376985399494801,-0.6664570186535317,0.0,0.034477114527422026,0.0,0.0,0.0,0.0,-0.18085502785159085,0.0,0.0,-0.05565295219421387,0.07641448974609376,0.0,0.0,0.0,0.0,1.0,0.0,-0.1405274154793503,1
-0.6468940295005331,-0.42439721876869485,0.0,0.03945398368942063,0.0,0.0,0.0,0.0,0.01643399452325115,0.0,0.0,0.03202877044677734,-0.047751140594482426,0.0,0.0,0.0,0.0,1.0,0.0,0.04786678868481237,1
-0.5467383278014757,-0.4482085000670875,0.0,0.0,0.0,0.0,0.0,0.0,-0.2287619346967222,0.0,0.0,0.22982587814331057,0.15449481010437013,0.0,1.0,0.0,0.0,0.0,1.0,0.17177532880734175,0
-0.8190873577008603,-0.8527990350493961,0.0,0.026723825453509726,0.0,-0.02593891676008571,0.0,0.0,-0.449894457783104,0.0,0.0,0.01919212341308594,0.12169604301452637,0.14721212387084961,0.0,1.0,0.0,1.0,0.0,0.024641314123430826,1
0.9167564631312997,1.0117059407851199,0.0,0.05653168705581356,0.0,0.0,0.0,0.0,0.7435006584331694,0.0,0.0,0.29269914627075194,0.2515115737915039,0.0,1.0,0.0,0.0,1.0,0.0,0.1703265589526576,0
0.6739341192892232,0.0,0.0,0.0,0.0,0.0,0.0,0.0,0.0,0.0,0.0,0.29751901626586913,0.0,0.0,1.0,0.0,0.0,0.0,0.0,0.4289953117696648,0
-0.539107756469276,-0.3555498431651829,0.6849967530425535,0.0,0.0,0.0,0.0,0.0,0.9641110449408575,0.428261604309082,0.0,0.10517253875732423,0.12425217628479004,0.0,1.0,0.0,0.0,0.0,0.0,0.10105067848140359,0
-0.240521195833197,-0.159272990379643,0.0,0.0,0.0,0.0,0.0,0.0,0.0,0.0,0.0,0.10329923629760743,0.25052900314331056,0.0,1.0,0.0,0.0,0.0,1.0,0.1893499977568276,0
-0.2762803597350378,0.014886858241063033,0.5371406450409566,0.0,0.0,0.0,0.0,0.0,-0.17187593037344914,0.3709800338745117,0.0,-0.007855749130249024,0.08351860046386719,0.0,0.0,0.0,0.0,0.0,0.0,0.07120246561164531,1
-0.6294119765997835,-0.7834782843497645,0.0,0.0,0.0,0.032192643575004856,0.0,0.0,0.73847856614065,0.0,0.0,0.19096364974975588,0.19575514793395998,0.25628013610839845,0.0,0.0,0.0,0.0,0.0,0.00034397483890892094,1
-0.372737956137011,-0.3288994135632197,0.029166419726208467,0.03526178846444035,0.0,0.0,0.0,0.0,-0.17914748177905226,0.35066162109375,0.0,0.2605740547180176,0.18817586898803712,0.0,0.0,0.0,0.0,0.0,0.0,0.014828249939486513,0
-0.2676203090043221,-0.3846427082503459,0.012676204098643427,0.0,0.0,0.0,0.0,0.0,0.5815937307471682,0.3575257873535156,0.0,0.1084092140197754,0.13182225227355956,0.0,1.0,1.0,0.0,0.0,1.0,0.18151943500225362,0
0.7961778539480181,0.37923030741553504,0.5024435046976663,0.0,0.0,0.0,0.0,0.0,0.07977274951542589,-0.54,0.0,0.2246790885925293,0.25274972915649413,0.0,0.0,0.0,0.0,0.0,0.0,0.002795814448951656,0
-0.7113614796912158,-0.5653290907370444,0.046115619753384886,0.03268478964941831,0.0,0.0,0.0,0.0,-0.34531162563236945,0.06679298400878907,0.0,0.055050802230834965,-0.009419393539428712,0.0,0.0,0.0,0.0,1.0,0.0,0.255836910671658,1
-0.8648338386636211,-0.5899177324804896,-0.07316262178022154,0.037592861140397865,0.0,0.0,0.0,0.0,-0.3719941471359656,0.14697927474975586,0.0,0.10029454231262208,0.1173508644104004,0.0,0.0,1.0,0.0,0.0,0.0,-0.6154898292997963,1
-1.0515969354575916,-0.9716588004206735,0.0,0.0,0.0,0.0,0.0,0.0,-0.15814235040997632,0.0,0.0,0.20673217773437502,0.3348129272460938,0.0,0.0,0.0,0.0,0.0,0.0,0.012644091223040199,1
0.5160077977615783,0.034950679951712735,0.008167600986117941,0.13343810211023496,0.0,0.0,0.0,0.0,0.16302434792902873,0.11605751037597656,0.0,0.09529232978820801,0.07633252143859864,0.0,0.0,0.0,0.0,0.0,0.0,-0.09657949463933961,0
-0.06732747265950792,0.0,0.0,0.19483457504251278,0.0,0.0,0.0,0.0,0.0,0.0,0.0,-0.1343392848968506,0.0,0.0,0.0,0.0,0.0,0.0,0.0,-0.3588479196923411,1
-0.577327445790149,-0.5494199429651568,0.9235131327166478,0.0,0.0,0.0,0.0,0.0,0.2672739026962677,0.34881465911865234,0.0,0.17826404571533205,0.1984330177307129,0.0,1.0,0.0,0.0,0.0,0.0,0.10918005918845153,0
-0.40806445439937483,-0.16846484706206566,0.008767055176223677,0.0,0.0,0.0,0.0,0.0,-0.4134758920325034,0.3532493019104004,0.0,0.21005754470825197,0.24207277297973634,0.0,0.0,0.0,0.0,0.0,0.0,-0.048483987139840416,0
-0.240521195833197,-0.159272990379643,0.0,0.0,0.0,0.0,0.0,0.0,0.0,0.0,0.0,0.10329923629760743,0.25052900314331056,0.0,1.0,0.0,0.0,0.0,1.0,0.1893499977568276,0
-0.576810590564566,-0.6791254942803898,-0.06092445319319942,0.0,0.0,0.0,0.0,0.0,0.007200612975357734,0.35741506576538085,0.0,0.109254789352417,0.1564347743988037,0.0,1.0,1.0,0.0,1.0,0.0,0.2583819984370827,0
0.30818785631381695,0.43287259409033074,0.09632770665973987,0.0,0.0,0.0,0.0,0.0,0.6078773169911165,0.07635286331176758,0.0,0.2757852554321289,0.3252439498901367,0.0,0.0,1.0,1.0,1.0,0.0,0.6977371476654314,0
0.6739341192892235,0.0,0.0,0.0,0.0,0.0,0.0,0.0,0.0,0.0,0.0,0.29751901626586913,0.0,0.0,1.0,0.0,0.0,0.0,0.0,0.4289953117696648,0
-0.42433160210794685,-0.41698862631225353,-0.14081682961927325,0.05387408955970306,0.0,0.0,0.0,0.0,-0.023967880454650953,-0.54,0.0,0.038842773437500006,0.06508612632751465,0.0,0.0,1.0,0.0,0.0,0.0,-0.44506464249048483,1
-0.7387920395396068,-0.5509861383727023,0.0,0.05920433980894659,0.0,0.0,0.0,0.0,0.15946854660572446,0.0,0.0,0.32208099365234377,0.27260656356811525,0.0,1.0,0.0,0.0,0.0,0.0,0.03134898650340545,0
-0.7679765961290786,-0.5769140419597574,0.0,0.046772673038927834,0.0,0.0,0.0,0.9988212084732551,0.6404356116331074,0.0,0.0,0.19711527824401856,0.22230587005615235,0.0,0.0,1.0,0.0,0.0,0.0,0.22972253652719352,1
0.27776821257759854,-0.006549856914265975,0.0,0.16957428454730272,0.0,0.0,0.0,0.0,-0.13432056244116639,0.0,0.0,0.37876501083374026,0.27645320892333985,0.0,0.0,0.0,0.0,0.0,0.0,0.31783356625809633,0
-0.6583945399951576,-0.9025028286181604,0.25465143989412214,0.0,0.0,0.0,-0.2671273254259217,0.0,0.2023606377176655,0.07869243621826172,0.0,-0.044058942794799806,0.014400148391723634,0.0,0.0,0.0,0.0,0.0,0.0,-0.5608020684657953,1
0.33736403652090885,0.5595934720493958,0.7823126237710893,0.20213509497186077,0.0,0.0,0.0,0.0,0.9402426603694403,0.35630435943603517,0.0,0.20422887802124023,0.32334318161010744,0.0,1.0,1.0,0.0,1.0,0.0,0.3933544647999299,0
-0.9700693847271042,-0.7819555908669539,0.0,0.0,0.0,0.0,0.0,0.0,-0.3241688779424948,0.0,0.0,0.04343662261962891,0.318503475189209,0.0,0.0,0.0,0.0,0.0,0.0,0.07256401909722222,1
0.4268219558400739,1.0180140529870332,0.4988709883974197,0.0,0.0,0.0,0.0,0.0,-0.027969530002833913,0.032596893310546875,0.0,0.20578012466430665,0.14849586486816407,0.0,0.0,0.0,0.0,0.0,0.0,0.4099723620292468,0
-0.32143050848582627,-0.5264302896273895,0.0,0.0,0.0,0.0,0.0,0.0,0.7670349257657475,0.0,0.0,0.31215381622314453,0.2086350440979004,0.0,1.0,0.0,0.0,0.0,0.0,0.17440665481436968,0
-0.6468940295005332,-0.42439721876869485,0.0,0.03945398368942062,0.0,0.0,0.0,0.0,0.016433994523251512,0.0,0.0,0.03202877044677734,-0.047751140594482426,0.0,0.0,0.0,0.0,1.0,0.0,0.04786678868481237,1
-0.6768657964059414,-0.5768642002438671,0.11937012724627036,0.04632789149840481,0.0,0.0,0.0,0.0,0.5586465361455003,0.2568667030334473,0.0,0.23422126770019533,0.19876465797424317,0.0,0.0,1.0,0.0,1.0,0.0,0.24578713963174414,1
-0.2584230364896558,-0.4661350910636871,0.4082838407613075,0.0,0.0,0.0,0.0,0.0,-0.03637250846874385,0.42477951049804685,0.0,0.1427677631378174,0.20096940994262696,0.0,0.0,0.0,0.0,0.0,0.0,-0.12988587729951256,0
-0.4270529142389625,-0.751716629555052,0.5783194804743995,0.03555425847879838,0.0,0.0,0.0,0.0,0.11493505485547198,0.06679298400878907,0.0,0.05942249298095703,0.13273658752441406,0.0,0.0,1.0,0.0,0.0,0.0,0.15643763745951858,0
0.2875561083431311,0.8868978592594938,0.5135921037414282,0.2585646268636602,0.0,0.0,0.0,0.0,1.3489109504182828,0.09938009262084961,0.0,0.008278656005859376,0.0797651767730713,0.0,0.0,1.0,0.0,1.0,0.0,-0.017078595283703927,1
0.061575023138236304,0.08175547261565039,0.0,0.0,0.0,0.0,0.0,0.0,0.0,0.0,0.0,0.2196889877319336,0.2710741996765137,0.0,0.0,0.0,0.0,0.0,1.0,-0.05162198319394365,0
0.12221883100047902,0.16423461920359814,0.03362562542844454,0.0,0.0,0.0,0.0,0.0,0.7551070398475956,0.26324781417846677,0.0,0.2074295997619629,0.2684331893920899,0.0,0.0,0.0,0.0,0.0,1.0,0.03057382045648037,0
-0.6850641189098217,-0.746087496188293,0.10811219928867134,0.0,0.0,0.0,0.0,0.0,-0.3232557631138029,0.061137542724609376,0.0,0.023477125167846682,0.0087310791015625,0.0,0.0,0.0,0.0,0.0,0.0,-0.5014010372324886,1
-0.6135029410774541,-0.5266279720854746,-0.025608030436425757,0.0,0.0,0.06967567405048866,0.0,0.0,0.0,0.3862490844726562,0.0,0.15515656471252443,0.16659646034240724,0.25628013610839845,0.0,0.0,0.0,0.0,0.0,-0.1780281718979534,1
-0.4948402513659043,-0.669736998126706,-0.09084193947860272,0.0,0.0,0.0,0.0,0.0,-0.039722059003559164,0.1129925537109375,0.0,-0.07987189292907715,0.0903944492340088,0.0,0.0,0.0,0.0,0.0,0.0,-0.1606310330904447,1
-0.4582938119573303,-0.4902449216738115,-1.744539264013703e-05,0.033386360721155695,0.0,0.05669106444415592,0.0,0.0,0.0,-0.54,0.0,0.0013319015502929689,-0.026818227767944337,-0.6000000000000001,0.0,0.0,0.0,0.0,0.0,-0.1816989213992388,1
-0.3629205798506812,-0.24753277518760208,0.0,0.0,0.0,0.0,0.0,0.0,-0.30071401419764826,0.0,0.0,0.1812838077545166,0.17297134399414063,0.0,0.0,0.0,1.0,0.0,0.0,-0.0018468677488147705,0
0.29620344895880557,1.2879225954910603,0.6090296668828308,0.0,0.0,0.0,0.0,0.0,0.24172354660388817,0.1964443016052246,0.0,0.1495593547821045,0.05336422920227051,0.0,0.0,0.0,0.0,1.0,0.0,-0.037221011952457264,0
-0.6889097204832956,0.0,0.0,0.0,0.0,0.0,0.0,0.0,-0.41954908412898356,0.0,0.0,0.11962471008300782,0.0,0.0,0.0,0.0,0.0,1.0,0.0,-0.46805911593967015,1
0.15674552236879818,0.5814925917310727,0.26779144630783475,0.2508553336812148,0.0,0.0,0.0,0.0,0.9360450479678889,0.3200046157836914,0.0,0.18193225860595705,0.2850953102111817,0.0,0.0,1.0,0.0,1.0,0.0,0.2875349256727431,1
-1.0990406337309215,-0.7344772388946439,0.0,0.0,0.0,0.0,0.0,0.0,-0.402934541427333,0.0,0.0,0.019731140136718752,-0.06236004829406738,0.0,0.0,0.0,0.0,0.0,0.0,-0.3155199686686198,1
-0.8515607251689394,0.0,0.0,0.0,0.0,0.0,0.0,0.0,-0.2833857173414346,0.0,0.0,0.06937870979309083,0.0,0.0,0.0,0.0,0.0,0.0,0.0,-1.040456478412335,1
-0.5724987334195117,-0.6969124700088051,0.15837727735206378,0.05993986478831872,0.0,0.0,0.0,0.0,0.4869154703240721,0.34338563919067383,0.0,0.24570608139038086,0.0459197998046875,0.0,0.0,0.0,0.0,0.0,0.0,0.426629873422476,1
0.15674552236879835,0.5814925917310727,0.2677914463078351,0.2508553336812148,0.0,0.0,0.0,0.0,0.9360450479678889,0.3200046157836914,0.0,0.18193225860595705,0.2850953102111817,0.0,0.0,1.0,0.0,1.0,0.0,0.2875349256727431,1
-0.7003067190248919,-0.5953020892373586,0.0,0.029701759807020715,0.0,0.0,0.0,0.0,-0.3711787290726881,0.0,0.0,0.1565403461456299,0.030604648590087893,0.0,0.0,0.0,0.0,1.0,0.0,0.026090246999365654,1
-0.8734050367004411,-0.4861566552291929,-0.08665657005775437,0.0,0.0,0.0,0.0,0.0,0.0023061794684310077,0.28274677276611326,0.0,-0.12593364715576172,0.24635963439941408,0.0,0.0,0.0,0.0,0.0,0.0,-0.1532184568225828,1
-0.5692838395093056,-0.8656958072488233,0.0,0.00993108157320389,0.0,0.002555387733616993,0.0,0.0,-0.25442257642051486,0.0,0.0,-0.12001137733459473,-0.159891414642334,-0.6000000000000001,0.0,0.0,0.0,0.0,0.0,-0.4652103195842515,1
0.5132182282901989,0.8066253287730639,0.5365003998368597,0.2074883686774093,0.0,0.0,0.0,-0.4958231338658081,0.14703043684427614,0.220517578125,0.0,0.2566988945007324,0.26543188095092773,0.0,0.0,1.0,0.0,0.0,0.0,0.04897386599809696,0
-0.37202177584697527,-0.5052165955943403,0.3239226845963853,0.052632143590975476,0.0,0.0,0.0,0.0,-0.007391409760930626,-0.54,0.0,0.18222670555114748,0.28971138000488283,0.0,0.0,1.0,0.0,1.0,0.0,0.3745742537017562,0
-0.6654559421743971,-0.3884682451005199,-0.003660892735049062,0.05836258724970613,0.0,0.0,0.0,-2.3545917432268157,0.5446489679103049,0.2707198905944824,0.0,0.11334471702575684,0.12762341499328614,0.0,0.0,1.0,0.0,0.0,0.0,0.2576940487592648,1
-0.20352355778712145,-0.4681789529103029,-0.20713159854161334,0.0,0.0,0.0,0.0,0.0,0.6397131702747579,0.28982088088989255,0.0,0.05828409194946289,0.01186833381652832,0.0,0.0,0.0,0.0,0.0,0.0,-0.045552212967831865,1
-0.7992177253989419,-0.8589739812793122,-0.16720430149381077,0.0,0.0,0.0,0.0,0.0,-0.10469535467043872,-0.54,0.0,-0.04091901779174805,-0.011871576309204102,0.0,0.0,0.0,0.0,0.0,0.0,-0.8832585098397019,1
-0.7267181645545908,-0.4592857195701588,0.0,0.053460151143217824,0.0,0.0,0.0,0.0,0.665645568867285,0.0,0.0,0.12752904891967773,0.21925096511840822,0.0,0.0,1.0,0.0,1.0,0.0,0.27497479039379674,1
0.3568160763694702,0.32729960916035106,0.1022980975036173,0.0,0.0,0.0,0.0,0.0,-0.20024780334322168,0.47523433685302735,0.0,0.2314471244812012,0.22752304077148439,0.0,0.0,0.0,1.0,1.0,0.0,0.2759256933489417,0
